sub,age,roi,corr,seed_age,seed_roi
s0057_1_3,0.75,lLO,-0.12584317521270078,adult,lLO
s0057_1_3,0.75,rLO,-0.1116773305142113,adult,lLO
s0057_1_3,0.75,lFFA,-0.06665784179125042,adult,lLO
s0057_1_3,0.75,rFFA,-0.02625697072730359,adult,lLO
s0057_1_3,0.75,lA1,0.02089325394221793,adult,lLO
s0057_1_3,0.75,rA1,-0.024265329706234576,adult,lLO
s0607_1_2,1.058333333,lLO,0.21433647411112144,adult,lLO
s0607_1_2,1.058333333,rLO,-0.03335956523612893,adult,lLO
s0607_1_2,1.058333333,lFFA,0.18802537140800474,adult,lLO
s0607_1_2,1.058333333,rFFA,-0.12947184336922263,adult,lLO
s0607_1_2,1.058333333,lA1,0.1482333332219313,adult,lLO
s0607_1_2,1.058333333,rA1,0.002798408535800101,adult,lLO
s1607_1_2,0.891666667,lLO,0.10553083621470606,adult,lLO
s1607_1_2,0.891666667,rLO,0.008292996725371399,adult,lLO
s1607_1_2,0.891666667,lFFA,-0.28375276374929953,adult,lLO
s1607_1_2,0.891666667,rFFA,-0.2212637932289339,adult,lLO
s1607_1_2,0.891666667,lA1,0.036648512212386505,adult,lLO
s1607_1_2,0.891666667,rA1,0.05359799242414006,adult,lLO
s2037_1_1,0.466666667,lLO,-0.059738979637751516,adult,lLO
s2037_1_1,0.466666667,rLO,-0.10503592457915828,adult,lLO
s2037_1_1,0.466666667,lFFA,0.004428195551759433,adult,lLO
s2037_1_1,0.466666667,rFFA,-0.0883661031740178,adult,lLO
s2037_1_1,0.466666667,lA1,-0.064066898267818,adult,lLO
s2037_1_1,0.466666667,rA1,-0.034710729611576605,adult,lLO
s2047_1_1,0.391666667,lLO,-0.14499258958933392,adult,lLO
s2047_1_1,0.391666667,rLO,-0.1460285651864046,adult,lLO
s2047_1_1,0.391666667,lFFA,-0.10174845377811066,adult,lLO
s2047_1_1,0.391666667,rFFA,-0.1305593420120622,adult,lLO
s2047_1_1,0.391666667,lA1,-0.07703741831204153,adult,lLO
s2047_1_1,0.391666667,rA1,-0.10569780251294793,adult,lLO
s2057_1_2,0.641666667,lLO,-0.01913010876753647,adult,lLO
s2057_1_2,0.641666667,rLO,-0.07666111890268101,adult,lLO
s2057_1_2,0.641666667,lFFA,-0.07326523577630407,adult,lLO
s2057_1_2,0.641666667,rFFA,-0.10984329614622981,adult,lLO
s2057_1_2,0.641666667,lA1,-0.022275426804918678,adult,lLO
s2057_1_2,0.641666667,rA1,-0.07281585087858673,adult,lLO
s2067_1_1,0.35,lLO,-0.12355086686771322,adult,lLO
s2067_1_1,0.35,rLO,-0.10607629955161837,adult,lLO
s2067_1_1,0.35,lFFA,-0.11795409361869048,adult,lLO
s2067_1_1,0.35,rFFA,-0.10038005878562298,adult,lLO
s2067_1_1,0.35,lA1,-0.011875713505800025,adult,lLO
s2067_1_1,0.35,rA1,-0.011700325017065156,adult,lLO
s2097_1_1,0.433333333,lLO,-0.06908754720820763,adult,lLO
s2097_1_1,0.433333333,rLO,-0.1615834338319194,adult,lLO
s2097_1_1,0.433333333,lFFA,0.04611751474540273,adult,lLO
s2097_1_1,0.433333333,rFFA,-0.05111430911356193,adult,lLO
s2097_1_1,0.433333333,lA1,-0.030779430963967257,adult,lLO
s2097_1_1,0.433333333,rA1,-0.03154468169007652,adult,lLO
s2687_1_3,0.825,lLO,-0.05825399838354614,adult,lLO
s2687_1_3,0.825,rLO,-0.012509072928586086,adult,lLO
s2687_1_3,0.825,lFFA,-0.08488959669512942,adult,lLO
s2687_1_3,0.825,rFFA,0.05036401688021756,adult,lLO
s2687_1_3,0.825,lA1,-0.06792559383622022,adult,lLO
s2687_1_3,0.825,rA1,0.027203784374356357,adult,lLO
s3097_1_1,0.325,lLO,-0.012604992291870664,adult,lLO
s3097_1_1,0.325,rLO,-0.12383398562261312,adult,lLO
s3097_1_1,0.325,lFFA,-0.057163100337153244,adult,lLO
s3097_1_1,0.325,rFFA,0.006042791268398153,adult,lLO
s3097_1_1,0.325,lA1,0.07881122707198614,adult,lLO
s3097_1_1,0.325,rA1,0.014757828146590858,adult,lLO
s3607_1_2,0.866666667,lLO,0.09502719099074619,adult,lLO
s3607_1_2,0.866666667,rLO,-0.011785554280432396,adult,lLO
s3607_1_2,0.866666667,lFFA,0.059947309890809146,adult,lLO
s3607_1_2,0.866666667,rFFA,0.041665097696426824,adult,lLO
s3607_1_2,0.866666667,lA1,0.09332338136068109,adult,lLO
s3607_1_2,0.866666667,rA1,0.08637536375213337,adult,lLO
s4047_1_1,0.458333333,lLO,0.07566100928988986,adult,lLO
s4047_1_1,0.458333333,rLO,0.1065197826760534,adult,lLO
s4047_1_1,0.458333333,lFFA,0.08985313148154221,adult,lLO
s4047_1_1,0.458333333,rFFA,0.05085096048108618,adult,lLO
s4047_1_1,0.458333333,lA1,0.09775431223078526,adult,lLO
s4047_1_1,0.458333333,rA1,0.08891190283906113,adult,lLO
s4607_1_3,0.808333333,lLO,-0.07740621818282604,adult,lLO
s4607_1_3,0.808333333,rLO,-0.10442433070828261,adult,lLO
s4607_1_3,0.808333333,lFFA,-0.10090690336813525,adult,lLO
s4607_1_3,0.808333333,rFFA,-0.1561179007059471,adult,lLO
s4607_1_3,0.808333333,lA1,-0.19109508675070952,adult,lLO
s4607_1_3,0.808333333,rA1,-0.30627089421871545,adult,lLO
s5037_1_1,0.725,lLO,-0.02674209154283408,adult,lLO
s5037_1_1,0.725,rLO,-0.1497179489436102,adult,lLO
s5037_1_1,0.725,lFFA,0.032317473972858404,adult,lLO
s5037_1_1,0.725,rFFA,-0.01087378209038831,adult,lLO
s5037_1_1,0.725,lA1,-0.006665302917866881,adult,lLO
s5037_1_1,0.725,rA1,0.1221021733475426,adult,lLO
s6057_1_1,0.3,lLO,0.08712815412671678,adult,lLO
s6057_1_1,0.3,rLO,0.05235421067935396,adult,lLO
s6057_1_1,0.3,lFFA,0.13514849144268767,adult,lLO
s6057_1_1,0.3,rFFA,0.11481124407504467,adult,lLO
s6057_1_1,0.3,lA1,0.09515101995030031,adult,lLO
s6057_1_1,0.3,rA1,0.09121311251577709,adult,lLO
s6607_1_2,0.616666667,lLO,-0.004449188055332773,adult,lLO
s6607_1_2,0.616666667,rLO,-0.014113272138141206,adult,lLO
s6607_1_2,0.616666667,lFFA,0.03511469227799405,adult,lLO
s6607_1_2,0.616666667,rFFA,-0.05789447963530894,adult,lLO
s6607_1_2,0.616666667,lA1,-0.10448514420617491,adult,lLO
s6607_1_2,0.616666667,rA1,-0.07465890828213267,adult,lLO
s6687_1_3,0.941666667,lLO,0.04201021268194236,adult,lLO
s6687_1_3,0.941666667,rLO,0.04649647813412819,adult,lLO
s6687_1_3,0.941666667,lFFA,-0.011047962706919656,adult,lLO
s6687_1_3,0.941666667,rFFA,0.027608117192597946,adult,lLO
s6687_1_3,0.941666667,lA1,0.08909929578074159,adult,lLO
s6687_1_3,0.941666667,rA1,0.05899603030273826,adult,lLO
s7017_1_1,0.433333333,lLO,-0.1192607161512105,adult,lLO
s7017_1_1,0.433333333,rLO,-0.05966757233036729,adult,lLO
s7017_1_1,0.433333333,lFFA,0.02080221798683328,adult,lLO
s7017_1_1,0.433333333,rFFA,-0.03993990874601775,adult,lLO
s7017_1_1,0.433333333,lA1,-0.036785027184929216,adult,lLO
s7017_1_1,0.433333333,rA1,-0.049129650448434724,adult,lLO
s7057_1_1,0.441666667,lLO,-0.15907058329501395,adult,lLO
s7057_1_1,0.441666667,rLO,-0.0984377428492611,adult,lLO
s7057_1_1,0.441666667,lFFA,-0.09950743341256184,adult,lLO
s7057_1_1,0.441666667,rFFA,-0.05071669788177239,adult,lLO
s7057_1_1,0.441666667,lA1,-0.05884505950033457,adult,lLO
s7057_1_1,0.441666667,rA1,-0.08784228969062059,adult,lLO
s7067_1_3,0.766666667,lLO,-0.22803919407180206,adult,lLO
s7067_1_3,0.766666667,rLO,-0.27180395995572953,adult,lLO
s7067_1_3,0.766666667,lFFA,-0.32240542311665366,adult,lLO
s7067_1_3,0.766666667,rFFA,-0.30938209412447976,adult,lLO
s7067_1_3,0.766666667,lA1,-0.06749525779828734,adult,lLO
s7067_1_3,0.766666667,rA1,-0.08838635183032266,adult,lLO
s8037_1_1,0.666666667,lLO,-0.08157026196159109,adult,lLO
s8037_1_1,0.666666667,rLO,-0.1319274905288173,adult,lLO
s8037_1_1,0.666666667,lFFA,-0.057236820572678065,adult,lLO
s8037_1_1,0.666666667,rFFA,-0.10712776831604753,adult,lLO
s8037_1_1,0.666666667,lA1,-0.14459737391171787,adult,lLO
s8037_1_1,0.666666667,rA1,-0.2508721171123025,adult,lLO
s8077_1_1,0.391666667,lLO,-0.01179111116492333,adult,lLO
s8077_1_1,0.391666667,rLO,-0.157291986334238,adult,lLO
s8077_1_1,0.391666667,lFFA,0.02782238943886337,adult,lLO
s8077_1_1,0.391666667,rFFA,-0.03078477436101719,adult,lLO
s8077_1_1,0.391666667,lA1,0.0915840888587711,adult,lLO
s8077_1_1,0.391666667,rA1,0.03405872901170784,adult,lLO
s8687_1_3,0.916666667,lLO,0.021775694916494046,adult,lLO
s8687_1_3,0.916666667,rLO,0.11424391980270909,adult,lLO
s8687_1_3,0.916666667,lFFA,0.000772935911518946,adult,lLO
s8687_1_3,0.916666667,rFFA,0.10493206035772734,adult,lLO
s8687_1_3,0.916666667,lA1,0.19325875745496673,adult,lLO
s8687_1_3,0.916666667,rA1,0.1410351583748703,adult,lLO
s9057_1_1,0.391666667,lLO,-0.20586601234992424,adult,lLO
s9057_1_1,0.391666667,rLO,-0.02125206037314847,adult,lLO
s9057_1_1,0.391666667,lFFA,-0.21324199446340947,adult,lLO
s9057_1_1,0.391666667,rFFA,-0.020942469889491805,adult,lLO
s9057_1_1,0.391666667,lA1,-0.24433193886510682,adult,lLO
s9057_1_1,0.391666667,rA1,-0.04087744195590552,adult,lLO
mov_01,20.0,lLO,0.030665157497086065,adult,lLO
mov_01,20.0,rLO,-0.05014838208941385,adult,lLO
mov_01,20.0,lFFA,0.0884488709070726,adult,lLO
mov_01,20.0,rFFA,-0.004574395424263224,adult,lLO
mov_01,20.0,lA1,0.07755215729443661,adult,lLO
mov_01,20.0,rA1,-0.019084171198666858,adult,lLO
mov_02,20.0,lLO,-0.054239442574349664,adult,lLO
mov_02,20.0,rLO,-0.06361724127193061,adult,lLO
mov_02,20.0,lFFA,-0.17572764657653805,adult,lLO
mov_02,20.0,rFFA,0.013659610641275731,adult,lLO
mov_02,20.0,lA1,-0.10763339639932745,adult,lLO
mov_02,20.0,rA1,-0.06867883433363643,adult,lLO
mov_03,19.0,lLO,-0.00041453855824553215,adult,lLO
mov_03,19.0,rLO,-0.0408940328930011,adult,lLO
mov_03,19.0,lFFA,-0.09008850766644798,adult,lLO
mov_03,19.0,rFFA,-0.01791405240397499,adult,lLO
mov_03,19.0,lA1,-0.08977184494527207,adult,lLO
mov_03,19.0,rA1,-0.07015012699343537,adult,lLO
mov_04,21.0,lLO,-0.027784934038553543,adult,lLO
mov_04,21.0,rLO,-0.09079802570318893,adult,lLO
mov_04,21.0,lFFA,-0.02471975196835409,adult,lLO
mov_04,21.0,rFFA,-0.034403626327932015,adult,lLO
mov_04,21.0,lA1,0.0646177179726289,adult,lLO
mov_04,21.0,rA1,-0.028616316757720726,adult,lLO
mov_05,21.0,lLO,-0.10789642532023144,adult,lLO
mov_05,21.0,rLO,-0.09349779467861291,adult,lLO
mov_05,21.0,lFFA,-0.06058916065422697,adult,lLO
mov_05,21.0,rFFA,-0.08272542287889631,adult,lLO
mov_05,21.0,lA1,-0.05605899165722961,adult,lLO
mov_05,21.0,rA1,-0.0275670324755388,adult,lLO
mov_06,18.0,lLO,0.06447445666034644,adult,lLO
mov_06,18.0,rLO,0.09684381878851003,adult,lLO
mov_06,18.0,lFFA,-0.005384726995096095,adult,lLO
mov_06,18.0,rFFA,0.026828475724614203,adult,lLO
mov_06,18.0,lA1,0.055568453904473236,adult,lLO
mov_06,18.0,rA1,-0.016563925305492673,adult,lLO
mov_07,23.0,lLO,-0.08563315721313082,adult,lLO
mov_07,23.0,rLO,-0.16457083633524966,adult,lLO
mov_07,23.0,lFFA,-0.2519448369980849,adult,lLO
mov_07,23.0,rFFA,-0.19685497182056635,adult,lLO
mov_07,23.0,lA1,-0.06038297424007208,adult,lLO
mov_07,23.0,rA1,-0.09741842413356554,adult,lLO
mov_08,21.0,lLO,-0.13877268701825465,adult,lLO
mov_08,21.0,rLO,-0.2720985135098738,adult,lLO
mov_08,21.0,lFFA,-0.27148099227034755,adult,lLO
mov_08,21.0,rFFA,-0.17860352058372916,adult,lLO
mov_08,21.0,lA1,0.005570388449844501,adult,lLO
mov_08,21.0,rA1,-0.028850462908613074,adult,lLO
mov_09,22.0,lLO,-0.044430944196377616,adult,lLO
mov_09,22.0,rLO,-0.1171891738001402,adult,lLO
mov_09,22.0,lFFA,-0.1470352858059112,adult,lLO
mov_09,22.0,rFFA,-0.12510652550752915,adult,lLO
mov_09,22.0,lA1,-0.1287665423416371,adult,lLO
mov_09,22.0,rA1,-0.023362741322582023,adult,lLO
mov_10,23.0,lLO,-0.10466324001162103,adult,lLO
mov_10,23.0,rLO,-0.06914933361890668,adult,lLO
mov_10,23.0,lFFA,-0.07011461854401747,adult,lLO
mov_10,23.0,rFFA,-0.0522093268673431,adult,lLO
mov_10,23.0,lA1,-0.04760863119956561,adult,lLO
mov_10,23.0,rA1,-0.0382691009148003,adult,lLO
mov_11,32.0,lLO,-0.07528746998610267,adult,lLO
mov_11,32.0,rLO,-0.15916300702090483,adult,lLO
mov_11,32.0,lFFA,-0.07833124070192077,adult,lLO
mov_11,32.0,rFFA,-0.10557860425440821,adult,lLO
mov_11,32.0,lA1,-0.09068114170092235,adult,lLO
mov_11,32.0,rA1,-0.10483722794006642,adult,lLO
mov_12,20.0,lLO,0.0007589214786459866,adult,lLO
mov_12,20.0,rLO,-0.08131999273516582,adult,lLO
mov_12,20.0,lFFA,-0.04940783125116095,adult,lLO
mov_12,20.0,rFFA,-0.07961282157748681,adult,lLO
mov_12,20.0,lA1,0.08743919024181382,adult,lLO
mov_12,20.0,rA1,0.015353121614054742,adult,lLO
mov_13,18.0,lLO,-0.011116515958928945,adult,lLO
mov_13,18.0,rLO,-0.09267792158613687,adult,lLO
mov_13,18.0,lFFA,0.012943756390581655,adult,lLO
mov_13,18.0,rFFA,-0.022161228791196773,adult,lLO
mov_13,18.0,lA1,-0.04047250418891474,adult,lLO
mov_13,18.0,rA1,-0.0422199201845914,adult,lLO
mov_14,20.0,lLO,-0.1259106989466392,adult,lLO
mov_14,20.0,rLO,-0.22226917479535982,adult,lLO
mov_14,20.0,lFFA,-0.02750854630455969,adult,lLO
mov_14,20.0,rFFA,0.02540089489688229,adult,lLO
mov_14,20.0,lA1,0.08925761547971835,adult,lLO
mov_14,20.0,rA1,-0.010276053201290731,adult,lLO
mov_15,25.0,lLO,-0.024343604263191793,adult,lLO
mov_15,25.0,rLO,-0.12275449998605942,adult,lLO
mov_15,25.0,lFFA,-0.13496055497216589,adult,lLO
mov_15,25.0,rFFA,-0.04675095607073882,adult,lLO
mov_15,25.0,lA1,-0.04988912088561624,adult,lLO
mov_15,25.0,rA1,-0.0982135756640714,adult,lLO
mov_16,19.0,lLO,-0.17012671345814856,adult,lLO
mov_16,19.0,rLO,-0.12838397462213583,adult,lLO
mov_16,19.0,lFFA,-0.015216751293919039,adult,lLO
mov_16,19.0,rFFA,-0.09123722749429225,adult,lLO
mov_16,19.0,lA1,-0.09493114192181096,adult,lLO
mov_16,19.0,rA1,-0.11994750068280971,adult,lLO
mov_17,22.0,lLO,-0.06575283545173397,adult,lLO
mov_17,22.0,rLO,-0.06476755851044731,adult,lLO
mov_17,22.0,lFFA,-0.03608384517025763,adult,lLO
mov_17,22.0,rFFA,-0.046881293776022986,adult,lLO
mov_17,22.0,lA1,-0.010165123504889025,adult,lLO
mov_17,22.0,rA1,-0.029379925707434272,adult,lLO
mov_18,24.0,lLO,-0.027439833285854687,adult,lLO
mov_18,24.0,rLO,-0.07620761113077074,adult,lLO
mov_18,24.0,lFFA,0.059166141156586013,adult,lLO
mov_18,24.0,rFFA,-0.003971583450714425,adult,lLO
mov_18,24.0,lA1,0.04326276343668688,adult,lLO
mov_18,24.0,rA1,0.06550209105050891,adult,lLO
mov_19,22.0,lLO,-0.07079525819460165,adult,lLO
mov_19,22.0,rLO,-0.08010669869228108,adult,lLO
mov_19,22.0,lFFA,-0.1025578253449051,adult,lLO
mov_19,22.0,rFFA,-0.012402527714322183,adult,lLO
mov_19,22.0,lA1,-0.12844560510197273,adult,lLO
mov_19,22.0,rA1,-0.1354841120435335,adult,lLO
mov_20,24.0,lLO,-0.03841939578776537,adult,lLO
mov_20,24.0,rLO,-0.05769793879767404,adult,lLO
mov_20,24.0,lFFA,-0.16943337867880878,adult,lLO
mov_20,24.0,rFFA,0.01625741793476664,adult,lLO
mov_20,24.0,lA1,-0.11141599966996565,adult,lLO
mov_20,24.0,rA1,-0.05291917147575753,adult,lLO
mov_22,22.0,lLO,-0.06783467848366347,adult,lLO
mov_22,22.0,rLO,-0.05182009595311825,adult,lLO
mov_22,22.0,lFFA,-0.16827986032225487,adult,lLO
mov_22,22.0,rFFA,-0.05161366562839521,adult,lLO
mov_22,22.0,lA1,-0.010557662013917234,adult,lLO
mov_22,22.0,rA1,-0.10042428475626843,adult,lLO
mov_24,26.0,lLO,-0.06351442694411584,adult,lLO
mov_24,26.0,rLO,-0.08891782233183101,adult,lLO
mov_24,26.0,lFFA,-0.07884742644516701,adult,lLO
mov_24,26.0,rFFA,-0.016670847640174496,adult,lLO
mov_24,26.0,lA1,-0.03322088080964592,adult,lLO
mov_24,26.0,rA1,0.08523958045529098,adult,lLO
mov_25,27.0,lLO,-0.0630548460954206,adult,lLO
mov_25,27.0,rLO,-0.13787310003743228,adult,lLO
mov_25,27.0,lFFA,-0.12420627179029925,adult,lLO
mov_25,27.0,rFFA,-0.08035480534901089,adult,lLO
mov_25,27.0,lA1,-0.04842424239869835,adult,lLO
mov_25,27.0,rA1,-0.08877297978586901,adult,lLO
mov_26,32.0,lLO,-0.15608034672352433,adult,lLO
mov_26,32.0,rLO,-0.14071436696282247,adult,lLO
mov_26,32.0,lFFA,-0.20848645944514715,adult,lLO
mov_26,32.0,rFFA,-0.0066220427586073,adult,lLO
mov_26,32.0,lA1,-0.0415890163390212,adult,lLO
mov_26,32.0,rA1,-0.058516526818608076,adult,lLO
s0057_1_3,0.75,lLO,-0.15189723777506128,adult,rLO
s0057_1_3,0.75,rLO,-0.16289924182103704,adult,rLO
s0057_1_3,0.75,lFFA,-0.1407704998656344,adult,rLO
s0057_1_3,0.75,rFFA,-0.08130141469398988,adult,rLO
s0057_1_3,0.75,lA1,-0.05157474117490088,adult,rLO
s0057_1_3,0.75,rA1,0.13082161102487597,adult,rLO
s0607_1_2,1.058333333,lLO,-0.03306369839938775,adult,rLO
s0607_1_2,1.058333333,rLO,-0.07518357257857514,adult,rLO
s0607_1_2,1.058333333,lFFA,-0.060382978294317546,adult,rLO
s0607_1_2,1.058333333,rFFA,-0.1703968088732758,adult,rLO
s0607_1_2,1.058333333,lA1,-0.16072751299225063,adult,rLO
s0607_1_2,1.058333333,rA1,-0.17094784048651007,adult,rLO
s1607_1_2,0.891666667,lLO,0.060584329427361826,adult,rLO
s1607_1_2,0.891666667,rLO,-0.1622370300072825,adult,rLO
s1607_1_2,0.891666667,lFFA,-0.14316886300698614,adult,rLO
s1607_1_2,0.891666667,rFFA,-0.07844656296648062,adult,rLO
s1607_1_2,0.891666667,lA1,0.0020213608236390665,adult,rLO
s1607_1_2,0.891666667,rA1,-0.14192112780860602,adult,rLO
s2037_1_1,0.466666667,lLO,-0.1733288100043242,adult,rLO
s2037_1_1,0.466666667,rLO,-0.09175183419693893,adult,rLO
s2037_1_1,0.466666667,lFFA,-0.1969904671658297,adult,rLO
s2037_1_1,0.466666667,rFFA,-0.09482002068915867,adult,rLO
s2037_1_1,0.466666667,lA1,-0.16748697601830773,adult,rLO
s2037_1_1,0.466666667,rA1,-0.14661203468285905,adult,rLO
s2047_1_1,0.391666667,lLO,-0.1812416089888449,adult,rLO
s2047_1_1,0.391666667,rLO,-0.14620981106729974,adult,rLO
s2047_1_1,0.391666667,lFFA,-0.10706908737951137,adult,rLO
s2047_1_1,0.391666667,rFFA,-0.19454293588125587,adult,rLO
s2047_1_1,0.391666667,lA1,-0.08083531499506509,adult,rLO
s2047_1_1,0.391666667,rA1,-0.11647535442634925,adult,rLO
s2057_1_2,0.641666667,lLO,-0.016666235112519467,adult,rLO
s2057_1_2,0.641666667,rLO,-7.313029498542782e-05,adult,rLO
s2057_1_2,0.641666667,lFFA,-0.1016586321315649,adult,rLO
s2057_1_2,0.641666667,rFFA,-0.051849423108292436,adult,rLO
s2057_1_2,0.641666667,lA1,-0.11565025456602798,adult,rLO
s2057_1_2,0.641666667,rA1,-0.008315119095966725,adult,rLO
s2067_1_1,0.35,lLO,-0.08173244304642112,adult,rLO
s2067_1_1,0.35,rLO,-0.010666715486810873,adult,rLO
s2067_1_1,0.35,lFFA,-0.11251162474295434,adult,rLO
s2067_1_1,0.35,rFFA,0.031198198887509902,adult,rLO
s2067_1_1,0.35,lA1,-0.08566225044384172,adult,rLO
s2067_1_1,0.35,rA1,0.006397797474442413,adult,rLO
s2097_1_1,0.433333333,lLO,-0.010113601208477388,adult,rLO
s2097_1_1,0.433333333,rLO,-0.05048329991387802,adult,rLO
s2097_1_1,0.433333333,lFFA,0.07299745744788116,adult,rLO
s2097_1_1,0.433333333,rFFA,0.05258828755374412,adult,rLO
s2097_1_1,0.433333333,lA1,0.030576671979782394,adult,rLO
s2097_1_1,0.433333333,rA1,-0.05263242049108887,adult,rLO
s2687_1_3,0.825,lLO,0.04547819570716989,adult,rLO
s2687_1_3,0.825,rLO,-0.02135211751037542,adult,rLO
s2687_1_3,0.825,lFFA,-0.14559289779996165,adult,rLO
s2687_1_3,0.825,rFFA,-0.05447822732196084,adult,rLO
s2687_1_3,0.825,lA1,-0.04173959041022485,adult,rLO
s2687_1_3,0.825,rA1,-0.07619334408645928,adult,rLO
s3097_1_1,0.325,lLO,-0.004792819040424508,adult,rLO
s3097_1_1,0.325,rLO,-0.1301835447884769,adult,rLO
s3097_1_1,0.325,lFFA,0.0026200203940420948,adult,rLO
s3097_1_1,0.325,rFFA,-0.14440706511762813,adult,rLO
s3097_1_1,0.325,lA1,0.03405911471973369,adult,rLO
s3097_1_1,0.325,rA1,-0.18673862232853217,adult,rLO
s3607_1_2,0.866666667,lLO,0.060722878795974766,adult,rLO
s3607_1_2,0.866666667,rLO,-0.035388349601809144,adult,rLO
s3607_1_2,0.866666667,lFFA,-0.1348350545084018,adult,rLO
s3607_1_2,0.866666667,rFFA,-0.09115668026626422,adult,rLO
s3607_1_2,0.866666667,lA1,-0.007953184371601842,adult,rLO
s3607_1_2,0.866666667,rA1,-0.09701617010554815,adult,rLO
s4047_1_1,0.458333333,lLO,0.0687062087278863,adult,rLO
s4047_1_1,0.458333333,rLO,0.1424437666649238,adult,rLO
s4047_1_1,0.458333333,lFFA,-0.07300740569066932,adult,rLO
s4047_1_1,0.458333333,rFFA,-0.05271992662452334,adult,rLO
s4047_1_1,0.458333333,lA1,0.13902542551295366,adult,rLO
s4047_1_1,0.458333333,rA1,0.05593034120360634,adult,rLO
s4607_1_3,0.808333333,lLO,0.017174717519088306,adult,rLO
s4607_1_3,0.808333333,rLO,-0.003835968150257038,adult,rLO
s4607_1_3,0.808333333,lFFA,-0.014481172034382438,adult,rLO
s4607_1_3,0.808333333,rFFA,-0.06583762470531242,adult,rLO
s4607_1_3,0.808333333,lA1,-0.060235584107713555,adult,rLO
s4607_1_3,0.808333333,rA1,-0.1598737058810246,adult,rLO
s5037_1_1,0.725,lLO,-0.18853992430401215,adult,rLO
s5037_1_1,0.725,rLO,-0.07305666963297122,adult,rLO
s5037_1_1,0.725,lFFA,-0.1905096144986636,adult,rLO
s5037_1_1,0.725,rFFA,-0.05123277275631935,adult,rLO
s5037_1_1,0.725,lA1,0.018661530128399426,adult,rLO
s5037_1_1,0.725,rA1,0.08927671292108283,adult,rLO
s6057_1_1,0.3,lLO,0.09069230424714184,adult,rLO
s6057_1_1,0.3,rLO,0.10205477149138446,adult,rLO
s6057_1_1,0.3,lFFA,0.023648327925662675,adult,rLO
s6057_1_1,0.3,rFFA,0.039670482672298224,adult,rLO
s6057_1_1,0.3,lA1,0.06216360164120911,adult,rLO
s6057_1_1,0.3,rA1,0.0773790542625976,adult,rLO
s6607_1_2,0.616666667,lLO,-0.15866095767249894,adult,rLO
s6607_1_2,0.616666667,rLO,-0.12899113702446494,adult,rLO
s6607_1_2,0.616666667,lFFA,-0.22458974809979404,adult,rLO
s6607_1_2,0.616666667,rFFA,-0.042108632684774244,adult,rLO
s6607_1_2,0.616666667,lA1,-0.0426283303423226,adult,rLO
s6607_1_2,0.616666667,rA1,0.05383894144831074,adult,rLO
s6687_1_3,0.941666667,lLO,0.13897942296324423,adult,rLO
s6687_1_3,0.941666667,rLO,0.09476464019859807,adult,rLO
s6687_1_3,0.941666667,lFFA,0.20321064573019673,adult,rLO
s6687_1_3,0.941666667,rFFA,0.10154134429654485,adult,rLO
s6687_1_3,0.941666667,lA1,0.08129659020478114,adult,rLO
s6687_1_3,0.941666667,rA1,0.021685654738729666,adult,rLO
s7017_1_1,0.433333333,lLO,-0.1078028734639606,adult,rLO
s7017_1_1,0.433333333,rLO,-0.06678749115208484,adult,rLO
s7017_1_1,0.433333333,lFFA,-0.060221352474230536,adult,rLO
s7017_1_1,0.433333333,rFFA,-0.09414407970184764,adult,rLO
s7017_1_1,0.433333333,lA1,-0.10739211137388434,adult,rLO
s7017_1_1,0.433333333,rA1,-0.09173342008928491,adult,rLO
s7057_1_1,0.441666667,lLO,-0.15143776390398628,adult,rLO
s7057_1_1,0.441666667,rLO,0.0005090475717043907,adult,rLO
s7057_1_1,0.441666667,lFFA,-0.04239839734330727,adult,rLO
s7057_1_1,0.441666667,rFFA,0.0077423778356367524,adult,rLO
s7057_1_1,0.441666667,lA1,0.02968975292575033,adult,rLO
s7057_1_1,0.441666667,rA1,-0.12201531339030589,adult,rLO
s7067_1_3,0.766666667,lLO,-0.0934825488402727,adult,rLO
s7067_1_3,0.766666667,rLO,0.004249895275159236,adult,rLO
s7067_1_3,0.766666667,lFFA,-0.11810292316254418,adult,rLO
s7067_1_3,0.766666667,rFFA,-0.028258912604370412,adult,rLO
s7067_1_3,0.766666667,lA1,0.14893238917906318,adult,rLO
s7067_1_3,0.766666667,rA1,0.03992482400949414,adult,rLO
s8037_1_1,0.666666667,lLO,0.1414514948751499,adult,rLO
s8037_1_1,0.666666667,rLO,-0.06028827724613563,adult,rLO
s8037_1_1,0.666666667,lFFA,-0.11190979805112129,adult,rLO
s8037_1_1,0.666666667,rFFA,-0.044751403586773306,adult,rLO
s8037_1_1,0.666666667,lA1,0.08165415773348904,adult,rLO
s8037_1_1,0.666666667,rA1,-0.13039714018979012,adult,rLO
s8077_1_1,0.391666667,lLO,-0.016686068759567404,adult,rLO
s8077_1_1,0.391666667,rLO,-0.1378180632246645,adult,rLO
s8077_1_1,0.391666667,lFFA,-0.0785397879885516,adult,rLO
s8077_1_1,0.391666667,rFFA,-0.18865891279320923,adult,rLO
s8077_1_1,0.391666667,lA1,-0.037973713100391854,adult,rLO
s8077_1_1,0.391666667,rA1,-0.1045579047270776,adult,rLO
s8687_1_3,0.916666667,lLO,0.06464121360589609,adult,rLO
s8687_1_3,0.916666667,rLO,0.022459191232826553,adult,rLO
s8687_1_3,0.916666667,lFFA,0.0360063896258218,adult,rLO
s8687_1_3,0.916666667,rFFA,-0.07793450667418406,adult,rLO
s8687_1_3,0.916666667,lA1,0.10330860095967091,adult,rLO
s8687_1_3,0.916666667,rA1,0.1894458688092745,adult,rLO
s9057_1_1,0.391666667,lLO,-0.04185383182870346,adult,rLO
s9057_1_1,0.391666667,rLO,0.060368454778028435,adult,rLO
s9057_1_1,0.391666667,lFFA,-0.030466308767863895,adult,rLO
s9057_1_1,0.391666667,rFFA,0.04272546868379987,adult,rLO
s9057_1_1,0.391666667,lA1,-0.06632220648471247,adult,rLO
s9057_1_1,0.391666667,rA1,0.12916469961617125,adult,rLO
mov_01,20.0,lLO,-0.16464320291758455,adult,rLO
mov_01,20.0,rLO,-0.12630879887144653,adult,rLO
mov_01,20.0,lFFA,-0.2143237269616397,adult,rLO
mov_01,20.0,rFFA,-0.08203829452258019,adult,rLO
mov_01,20.0,lA1,-0.12585153245526942,adult,rLO
mov_01,20.0,rA1,-0.15556107903039987,adult,rLO
mov_02,20.0,lLO,-0.06929029171051566,adult,rLO
mov_02,20.0,rLO,0.054820365519431424,adult,rLO
mov_02,20.0,lFFA,-0.10365576229515558,adult,rLO
mov_02,20.0,rFFA,-0.02464681237885689,adult,rLO
mov_02,20.0,lA1,0.029845793163327777,adult,rLO
mov_02,20.0,rA1,-0.021121748673390915,adult,rLO
mov_03,19.0,lLO,0.0066471898063551835,adult,rLO
mov_03,19.0,rLO,0.07965873249776792,adult,rLO
mov_03,19.0,lFFA,0.01246028589687189,adult,rLO
mov_03,19.0,rFFA,0.16782890461717004,adult,rLO
mov_03,19.0,lA1,0.029264740696104952,adult,rLO
mov_03,19.0,rA1,0.06514026521288582,adult,rLO
mov_04,21.0,lLO,-0.03687553134126875,adult,rLO
mov_04,21.0,rLO,0.04440867879521924,adult,rLO
mov_04,21.0,lFFA,0.014300889793905472,adult,rLO
mov_04,21.0,rFFA,0.05518476372744891,adult,rLO
mov_04,21.0,lA1,0.035797473047204965,adult,rLO
mov_04,21.0,rA1,0.01427648054777906,adult,rLO
mov_05,21.0,lLO,-0.06629989942402846,adult,rLO
mov_05,21.0,rLO,-0.02710157330359996,adult,rLO
mov_05,21.0,lFFA,0.0024199189015826766,adult,rLO
mov_05,21.0,rFFA,-0.05646529774761941,adult,rLO
mov_05,21.0,lA1,0.01271974616062714,adult,rLO
mov_05,21.0,rA1,-0.10611825128334793,adult,rLO
mov_06,18.0,lLO,-0.11788705130092612,adult,rLO
mov_06,18.0,rLO,-0.038091632286058864,adult,rLO
mov_06,18.0,lFFA,-0.1726807464878517,adult,rLO
mov_06,18.0,rFFA,-0.05816974710456978,adult,rLO
mov_06,18.0,lA1,-0.0067871097632698175,adult,rLO
mov_06,18.0,rA1,-0.04893657788315107,adult,rLO
mov_07,23.0,lLO,-0.12916368769834066,adult,rLO
mov_07,23.0,rLO,-0.02513566322548869,adult,rLO
mov_07,23.0,lFFA,-0.025071051798637334,adult,rLO
mov_07,23.0,rFFA,-0.05599896998812201,adult,rLO
mov_07,23.0,lA1,-0.08501323338916873,adult,rLO
mov_07,23.0,rA1,-0.05558152594957366,adult,rLO
mov_08,21.0,lLO,-0.2032836693253453,adult,rLO
mov_08,21.0,rLO,-0.20844294951151077,adult,rLO
mov_08,21.0,lFFA,-0.1393070780745959,adult,rLO
mov_08,21.0,rFFA,-0.09684395923873723,adult,rLO
mov_08,21.0,lA1,-0.05975518715770554,adult,rLO
mov_08,21.0,rA1,-0.04827913446043836,adult,rLO
mov_09,22.0,lLO,-0.07058892930083718,adult,rLO
mov_09,22.0,rLO,-0.08321294360089165,adult,rLO
mov_09,22.0,lFFA,-0.08450547363071412,adult,rLO
mov_09,22.0,rFFA,-0.16792485975455113,adult,rLO
mov_09,22.0,lA1,-0.12755748123999885,adult,rLO
mov_09,22.0,rA1,-0.0457468678350481,adult,rLO
mov_10,23.0,lLO,-0.18083740938778542,adult,rLO
mov_10,23.0,rLO,-0.08856967789818813,adult,rLO
mov_10,23.0,lFFA,0.008892252548799095,adult,rLO
mov_10,23.0,rFFA,0.053478643792268625,adult,rLO
mov_10,23.0,lA1,0.00841964726482513,adult,rLO
mov_10,23.0,rA1,0.05012061028790231,adult,rLO
mov_11,32.0,lLO,-0.13793928735301575,adult,rLO
mov_11,32.0,rLO,-0.1755839648503535,adult,rLO
mov_11,32.0,lFFA,-0.0292553599219796,adult,rLO
mov_11,32.0,rFFA,-0.13219195493700514,adult,rLO
mov_11,32.0,lA1,-0.0019497199965837694,adult,rLO
mov_11,32.0,rA1,-0.05119336453558748,adult,rLO
mov_12,20.0,lLO,-0.07249156574598922,adult,rLO
mov_12,20.0,rLO,-0.04230833088906112,adult,rLO
mov_12,20.0,lFFA,-0.015314151540756986,adult,rLO
mov_12,20.0,rFFA,-0.15680467479798388,adult,rLO
mov_12,20.0,lA1,-0.01827445423790213,adult,rLO
mov_12,20.0,rA1,-0.026109947905296162,adult,rLO
mov_13,18.0,lLO,0.03174633360833129,adult,rLO
mov_13,18.0,rLO,0.041881412591882355,adult,rLO
mov_13,18.0,lFFA,-0.0762691864930431,adult,rLO
mov_13,18.0,rFFA,-0.014394266313821187,adult,rLO
mov_13,18.0,lA1,0.07463853629787004,adult,rLO
mov_13,18.0,rA1,0.02739845970825073,adult,rLO
mov_14,20.0,lLO,-0.13556523740127932,adult,rLO
mov_14,20.0,rLO,-0.056417727640034006,adult,rLO
mov_14,20.0,lFFA,-0.031370187041237244,adult,rLO
mov_14,20.0,rFFA,0.05778610392134984,adult,rLO
mov_14,20.0,lA1,-0.13563092072986904,adult,rLO
mov_14,20.0,rA1,-0.11581112737581443,adult,rLO
mov_15,25.0,lLO,-0.00047588684851466306,adult,rLO
mov_15,25.0,rLO,-0.0264959753860873,adult,rLO
mov_15,25.0,lFFA,-0.08263060601852658,adult,rLO
mov_15,25.0,rFFA,-0.03743706760423326,adult,rLO
mov_15,25.0,lA1,-0.07378482806764333,adult,rLO
mov_15,25.0,rA1,-0.1356387290383072,adult,rLO
mov_16,19.0,lLO,-0.19375919169018466,adult,rLO
mov_16,19.0,rLO,-0.07562338798276293,adult,rLO
mov_16,19.0,lFFA,0.027809134902456723,adult,rLO
mov_16,19.0,rFFA,-0.07382864479469906,adult,rLO
mov_16,19.0,lA1,-0.08263690363704239,adult,rLO
mov_16,19.0,rA1,-0.04685364947315922,adult,rLO
mov_17,22.0,lLO,-0.08488676598170095,adult,rLO
mov_17,22.0,rLO,0.010700436915876247,adult,rLO
mov_17,22.0,lFFA,-0.026615080405486546,adult,rLO
mov_17,22.0,rFFA,0.029928314313123996,adult,rLO
mov_17,22.0,lA1,-0.016865885462762523,adult,rLO
mov_17,22.0,rA1,0.04293301313506741,adult,rLO
mov_18,24.0,lLO,-0.13342671268344902,adult,rLO
mov_18,24.0,rLO,0.01667465147145461,adult,rLO
mov_18,24.0,lFFA,-0.15117299167582476,adult,rLO
mov_18,24.0,rFFA,-0.0867719071475413,adult,rLO
mov_18,24.0,lA1,0.057825068805039175,adult,rLO
mov_18,24.0,rA1,0.05997487230306565,adult,rLO
mov_19,22.0,lLO,-0.05580175352315252,adult,rLO
mov_19,22.0,rLO,-0.018860262554493336,adult,rLO
mov_19,22.0,lFFA,-0.03726856031508924,adult,rLO
mov_19,22.0,rFFA,0.06366824263031934,adult,rLO
mov_19,22.0,lA1,-0.04697330846131246,adult,rLO
mov_19,22.0,rA1,-0.03973067122167307,adult,rLO
mov_20,24.0,lLO,-0.03097081545586758,adult,rLO
mov_20,24.0,rLO,-0.05723410788904762,adult,rLO
mov_20,24.0,lFFA,-0.10270673456609847,adult,rLO
mov_20,24.0,rFFA,-0.02228920147543851,adult,rLO
mov_20,24.0,lA1,-0.14988169975696522,adult,rLO
mov_20,24.0,rA1,-0.1434865533864488,adult,rLO
mov_22,22.0,lLO,-0.11014919675219717,adult,rLO
mov_22,22.0,rLO,-0.09281696143116773,adult,rLO
mov_22,22.0,lFFA,-0.060822738661142135,adult,rLO
mov_22,22.0,rFFA,-0.16338164801011062,adult,rLO
mov_22,22.0,lA1,-0.06762491127328127,adult,rLO
mov_22,22.0,rA1,-0.10405592070525035,adult,rLO
mov_24,26.0,lLO,0.001005916775887472,adult,rLO
mov_24,26.0,rLO,0.07017455003753947,adult,rLO
mov_24,26.0,lFFA,-0.1454845870834165,adult,rLO
mov_24,26.0,rFFA,0.0640866541754248,adult,rLO
mov_24,26.0,lA1,-0.06109932778051129,adult,rLO
mov_24,26.0,rA1,0.09932069295203874,adult,rLO
mov_25,27.0,lLO,-0.1375811945375466,adult,rLO
mov_25,27.0,rLO,-0.05445653880385111,adult,rLO
mov_25,27.0,lFFA,-0.08805103327000699,adult,rLO
mov_25,27.0,rFFA,-0.0028624812372607424,adult,rLO
mov_25,27.0,lA1,-0.01768442333366482,adult,rLO
mov_25,27.0,rA1,-0.04292974629909773,adult,rLO
mov_26,32.0,lLO,-0.026803611005830567,adult,rLO
mov_26,32.0,rLO,-0.017636312026372326,adult,rLO
mov_26,32.0,lFFA,-0.22730532788116178,adult,rLO
mov_26,32.0,rFFA,-0.015360412196312487,adult,rLO
mov_26,32.0,lA1,0.021066141986343233,adult,rLO
mov_26,32.0,rA1,-0.03964281571315566,adult,rLO
s0057_1_3,0.75,lLO,-0.027139068035374886,adult,lFFA
s0057_1_3,0.75,rLO,-0.00396301643788953,adult,lFFA
s0057_1_3,0.75,lFFA,-0.0011440174404084916,adult,lFFA
s0057_1_3,0.75,rFFA,-0.02278642130037599,adult,lFFA
s0057_1_3,0.75,lA1,0.015615577635175276,adult,lFFA
s0057_1_3,0.75,rA1,0.029166103435039736,adult,lFFA
s0607_1_2,1.058333333,lLO,0.10164554319367528,adult,lFFA
s0607_1_2,1.058333333,rLO,-0.055094879656549176,adult,lFFA
s0607_1_2,1.058333333,lFFA,0.08859784843427025,adult,lFFA
s0607_1_2,1.058333333,rFFA,-0.06787689022335465,adult,lFFA
s0607_1_2,1.058333333,lA1,-0.03671013294905935,adult,lFFA
s0607_1_2,1.058333333,rA1,-0.08343068787257896,adult,lFFA
s1607_1_2,0.891666667,lLO,0.0005011653188913903,adult,lFFA
s1607_1_2,0.891666667,rLO,-0.14181738560175225,adult,lFFA
s1607_1_2,0.891666667,lFFA,-0.0005752081038404994,adult,lFFA
s1607_1_2,0.891666667,rFFA,-0.07461950280799312,adult,lFFA
s1607_1_2,0.891666667,lA1,-0.002881285441638376,adult,lFFA
s1607_1_2,0.891666667,rA1,-0.10325555797690553,adult,lFFA
s2037_1_1,0.466666667,lLO,-0.027243396007951386,adult,lFFA
s2037_1_1,0.466666667,rLO,0.018461002192943204,adult,lFFA
s2037_1_1,0.466666667,lFFA,0.02930608914603499,adult,lFFA
s2037_1_1,0.466666667,rFFA,0.05063136034807986,adult,lFFA
s2037_1_1,0.466666667,lA1,-0.07413329097513248,adult,lFFA
s2037_1_1,0.466666667,rA1,-0.12441300839157923,adult,lFFA
s2047_1_1,0.391666667,lLO,-0.153597982270073,adult,lFFA
s2047_1_1,0.391666667,rLO,-0.1128759486401189,adult,lFFA
s2047_1_1,0.391666667,lFFA,-0.1082742034880831,adult,lFFA
s2047_1_1,0.391666667,rFFA,-0.2081941287020705,adult,lFFA
s2047_1_1,0.391666667,lA1,-0.08515267473488342,adult,lFFA
s2047_1_1,0.391666667,rA1,-0.18527921141300718,adult,lFFA
s2057_1_2,0.641666667,lLO,-0.009528174562271853,adult,lFFA
s2057_1_2,0.641666667,rLO,0.00023640183639143247,adult,lFFA
s2057_1_2,0.641666667,lFFA,-0.11446982324724306,adult,lFFA
s2057_1_2,0.641666667,rFFA,-0.04598091414133413,adult,lFFA
s2057_1_2,0.641666667,lA1,0.017794635415564603,adult,lFFA
s2057_1_2,0.641666667,rA1,-0.0408737083059334,adult,lFFA
s2067_1_1,0.35,lLO,0.04202290932400388,adult,lFFA
s2067_1_1,0.35,rLO,0.08380125513525416,adult,lFFA
s2067_1_1,0.35,lFFA,-0.04888220958990783,adult,lFFA
s2067_1_1,0.35,rFFA,0.08584457188279325,adult,lFFA
s2067_1_1,0.35,lA1,0.08550087180531353,adult,lFFA
s2067_1_1,0.35,rA1,0.12482013774487953,adult,lFFA
s2097_1_1,0.433333333,lLO,-0.050298197531941605,adult,lFFA
s2097_1_1,0.433333333,rLO,0.031679196902971676,adult,lFFA
s2097_1_1,0.433333333,lFFA,-0.11195788026925259,adult,lFFA
s2097_1_1,0.433333333,rFFA,-0.07970106974265478,adult,lFFA
s2097_1_1,0.433333333,lA1,-0.14790143550487078,adult,lFFA
s2097_1_1,0.433333333,rA1,0.054757019076067455,adult,lFFA
s2687_1_3,0.825,lLO,0.015597121213001813,adult,lFFA
s2687_1_3,0.825,rLO,0.0016483464481449007,adult,lFFA
s2687_1_3,0.825,lFFA,-0.10444437690383322,adult,lFFA
s2687_1_3,0.825,rFFA,-0.025903559990981696,adult,lFFA
s2687_1_3,0.825,lA1,0.014537218794590375,adult,lFFA
s2687_1_3,0.825,rA1,-0.0628083538138849,adult,lFFA
s3097_1_1,0.325,lLO,0.00776739888096973,adult,lFFA
s3097_1_1,0.325,rLO,-0.06903904979016257,adult,lFFA
s3097_1_1,0.325,lFFA,-0.07274043384303394,adult,lFFA
s3097_1_1,0.325,rFFA,-0.12561055668997684,adult,lFFA
s3097_1_1,0.325,lA1,0.05424620132930537,adult,lFFA
s3097_1_1,0.325,rA1,-0.08922810433985559,adult,lFFA
s3607_1_2,0.866666667,lLO,-0.09361999314001322,adult,lFFA
s3607_1_2,0.866666667,rLO,-0.08201326542171135,adult,lFFA
s3607_1_2,0.866666667,lFFA,-0.09873417241875641,adult,lFFA
s3607_1_2,0.866666667,rFFA,-0.10871864454226993,adult,lFFA
s3607_1_2,0.866666667,lA1,-0.04567029053815487,adult,lFFA
s3607_1_2,0.866666667,rA1,-0.14541858363289534,adult,lFFA
s4047_1_1,0.458333333,lLO,0.07399901047173545,adult,lFFA
s4047_1_1,0.458333333,rLO,-0.10064585653825386,adult,lFFA
s4047_1_1,0.458333333,lFFA,0.09025282497755632,adult,lFFA
s4047_1_1,0.458333333,rFFA,-0.02401850320774588,adult,lFFA
s4047_1_1,0.458333333,lA1,-0.009892287935979419,adult,lFFA
s4047_1_1,0.458333333,rA1,0.07459632887620897,adult,lFFA
s4607_1_3,0.808333333,lLO,-0.0064337170200009655,adult,lFFA
s4607_1_3,0.808333333,rLO,-0.20753399879023193,adult,lFFA
s4607_1_3,0.808333333,lFFA,0.01634172692858065,adult,lFFA
s4607_1_3,0.808333333,rFFA,-0.0848966122240567,adult,lFFA
s4607_1_3,0.808333333,lA1,-0.03385516055253518,adult,lFFA
s4607_1_3,0.808333333,rA1,-0.08746863118239433,adult,lFFA
s5037_1_1,0.725,lLO,-0.1196769402715342,adult,lFFA
s5037_1_1,0.725,rLO,-0.058566408497378805,adult,lFFA
s5037_1_1,0.725,lFFA,-0.13137669971895655,adult,lFFA
s5037_1_1,0.725,rFFA,-0.005921221608574266,adult,lFFA
s5037_1_1,0.725,lA1,-0.011828142071507683,adult,lFFA
s5037_1_1,0.725,rA1,-0.04077742831205039,adult,lFFA
s6057_1_1,0.3,lLO,0.13628622787065847,adult,lFFA
s6057_1_1,0.3,rLO,0.13997700159568593,adult,lFFA
s6057_1_1,0.3,lFFA,0.13958722554074535,adult,lFFA
s6057_1_1,0.3,rFFA,0.046799161473146424,adult,lFFA
s6057_1_1,0.3,lA1,0.12693640361813635,adult,lFFA
s6057_1_1,0.3,rA1,0.0719796216990274,adult,lFFA
s6607_1_2,0.616666667,lLO,-0.07489489898859644,adult,lFFA
s6607_1_2,0.616666667,rLO,-0.17924191050878968,adult,lFFA
s6607_1_2,0.616666667,lFFA,-0.14939485613125747,adult,lFFA
s6607_1_2,0.616666667,rFFA,-0.07633785449806796,adult,lFFA
s6607_1_2,0.616666667,lA1,-0.1649232043293054,adult,lFFA
s6607_1_2,0.616666667,rA1,-0.13521932375817405,adult,lFFA
s6687_1_3,0.941666667,lLO,-0.17204097492244647,adult,lFFA
s6687_1_3,0.941666667,rLO,-0.1536433102644672,adult,lFFA
s6687_1_3,0.941666667,lFFA,-0.33026211423686985,adult,lFFA
s6687_1_3,0.941666667,rFFA,-0.09739973120626085,adult,lFFA
s6687_1_3,0.941666667,lA1,-0.11642419921474856,adult,lFFA
s6687_1_3,0.941666667,rA1,0.017588702670139657,adult,lFFA
s7017_1_1,0.433333333,lLO,0.10484525722713017,adult,lFFA
s7017_1_1,0.433333333,rLO,-0.01851168579900374,adult,lFFA
s7017_1_1,0.433333333,lFFA,0.1669641472409178,adult,lFFA
s7017_1_1,0.433333333,rFFA,0.07718148252199951,adult,lFFA
s7017_1_1,0.433333333,lA1,0.09912731919197873,adult,lFFA
s7017_1_1,0.433333333,rA1,0.06577364445351938,adult,lFFA
s7057_1_1,0.441666667,lLO,-0.10308097325052468,adult,lFFA
s7057_1_1,0.441666667,rLO,-0.06415183103890076,adult,lFFA
s7057_1_1,0.441666667,lFFA,-0.025811952295336258,adult,lFFA
s7057_1_1,0.441666667,rFFA,-0.055291266377604426,adult,lFFA
s7057_1_1,0.441666667,lA1,0.12218488802676593,adult,lFFA
s7057_1_1,0.441666667,rA1,-0.1594193246803038,adult,lFFA
s7067_1_3,0.766666667,lLO,-0.1276840871400137,adult,lFFA
s7067_1_3,0.766666667,rLO,-0.17799472496205648,adult,lFFA
s7067_1_3,0.766666667,lFFA,-0.32668299537079765,adult,lFFA
s7067_1_3,0.766666667,rFFA,-0.1760650767402419,adult,lFFA
s7067_1_3,0.766666667,lA1,0.03459610060767323,adult,lFFA
s7067_1_3,0.766666667,rA1,-0.021389231616776323,adult,lFFA
s8037_1_1,0.666666667,lLO,0.1327915766067422,adult,lFFA
s8037_1_1,0.666666667,rLO,-0.12925749617172191,adult,lFFA
s8037_1_1,0.666666667,lFFA,0.11709286538725787,adult,lFFA
s8037_1_1,0.666666667,rFFA,-0.18004667552805165,adult,lFFA
s8037_1_1,0.666666667,lA1,0.008511565565223728,adult,lFFA
s8037_1_1,0.666666667,rA1,-0.21400417507942943,adult,lFFA
s8077_1_1,0.391666667,lLO,0.03080376071361267,adult,lFFA
s8077_1_1,0.391666667,rLO,-0.17304249812960953,adult,lFFA
s8077_1_1,0.391666667,lFFA,0.0826028128459248,adult,lFFA
s8077_1_1,0.391666667,rFFA,-0.021106335598524165,adult,lFFA
s8077_1_1,0.391666667,lA1,0.08380479710524044,adult,lFFA
s8077_1_1,0.391666667,rA1,-0.013299308523910864,adult,lFFA
s8687_1_3,0.916666667,lLO,-0.058631957457955616,adult,lFFA
s8687_1_3,0.916666667,rLO,-0.002102233638177478,adult,lFFA
s8687_1_3,0.916666667,lFFA,-0.14809311919449786,adult,lFFA
s8687_1_3,0.916666667,rFFA,-0.17722708590552153,adult,lFFA
s8687_1_3,0.916666667,lA1,-0.0979282308762595,adult,lFFA
s8687_1_3,0.916666667,rA1,-0.05059680876333865,adult,lFFA
s9057_1_1,0.391666667,lLO,0.005993569615885208,adult,lFFA
s9057_1_1,0.391666667,rLO,-0.03579758779913923,adult,lFFA
s9057_1_1,0.391666667,lFFA,-0.003867394433574551,adult,lFFA
s9057_1_1,0.391666667,rFFA,-0.00490686036907078,adult,lFFA
s9057_1_1,0.391666667,lA1,-0.022422264197326135,adult,lFFA
s9057_1_1,0.391666667,rA1,-0.08290403330817234,adult,lFFA
mov_01,20.0,lLO,-0.08344632826814147,adult,lFFA
mov_01,20.0,rLO,-0.12441227725369222,adult,lFFA
mov_01,20.0,lFFA,-0.0028071521220238843,adult,lFFA
mov_01,20.0,rFFA,-0.05991266691293929,adult,lFFA
mov_01,20.0,lA1,0.019350126253718347,adult,lFFA
mov_01,20.0,rA1,-0.018043815426279194,adult,lFFA
mov_02,20.0,lLO,-0.08974354219591368,adult,lFFA
mov_02,20.0,rLO,0.0008471635997672434,adult,lFFA
mov_02,20.0,lFFA,0.054929869134551126,adult,lFFA
mov_02,20.0,rFFA,0.03155340668654609,adult,lFFA
mov_02,20.0,lA1,0.1521084420418832,adult,lFFA
mov_02,20.0,rA1,0.08951950083494208,adult,lFFA
mov_03,19.0,lLO,-0.17685876096549413,adult,lFFA
mov_03,19.0,rLO,-0.016674306409875956,adult,lFFA
mov_03,19.0,lFFA,-0.0452237935840145,adult,lFFA
mov_03,19.0,rFFA,0.08957165938094248,adult,lFFA
mov_03,19.0,lA1,-0.13214603074183964,adult,lFFA
mov_03,19.0,rA1,-0.007751882292229652,adult,lFFA
mov_04,21.0,lLO,-0.09313939343585087,adult,lFFA
mov_04,21.0,rLO,-0.09914834643188233,adult,lFFA
mov_04,21.0,lFFA,0.14856869265923903,adult,lFFA
mov_04,21.0,rFFA,0.07316447037508125,adult,lFFA
mov_04,21.0,lA1,-0.08722655596454951,adult,lFFA
mov_04,21.0,rA1,-0.006721867463078875,adult,lFFA
mov_05,21.0,lLO,-0.1533148057923068,adult,lFFA
mov_05,21.0,rLO,-0.023506052363933792,adult,lFFA
mov_05,21.0,lFFA,0.10417134653536711,adult,lFFA
mov_05,21.0,rFFA,-0.11735900706874247,adult,lFFA
mov_05,21.0,lA1,-0.05783088543056981,adult,lFFA
mov_05,21.0,rA1,-0.058413341805387,adult,lFFA
mov_06,18.0,lLO,-0.10143354362930451,adult,lFFA
mov_06,18.0,rLO,-0.06805680839658733,adult,lFFA
mov_06,18.0,lFFA,-0.053209675223410594,adult,lFFA
mov_06,18.0,rFFA,-0.08733830181201002,adult,lFFA
mov_06,18.0,lA1,-0.046347408011886373,adult,lFFA
mov_06,18.0,rA1,-0.0947982358810388,adult,lFFA
mov_07,23.0,lLO,-0.15203726666462342,adult,lFFA
mov_07,23.0,rLO,-0.1844870402337767,adult,lFFA
mov_07,23.0,lFFA,0.03360760785089441,adult,lFFA
mov_07,23.0,rFFA,-0.1407514627088346,adult,lFFA
mov_07,23.0,lA1,0.02694383298536705,adult,lFFA
mov_07,23.0,rA1,-0.04147168595836391,adult,lFFA
mov_08,21.0,lLO,-0.15316311957290912,adult,lFFA
mov_08,21.0,rLO,-0.20492570678770294,adult,lFFA
mov_08,21.0,lFFA,-0.05182995104346269,adult,lFFA
mov_08,21.0,rFFA,-0.11412621091545412,adult,lFFA
mov_08,21.0,lA1,0.06994408530634406,adult,lFFA
mov_08,21.0,rA1,0.03912943578645647,adult,lFFA
mov_09,22.0,lLO,-0.030553119635616115,adult,lFFA
mov_09,22.0,rLO,-0.1026586283731721,adult,lFFA
mov_09,22.0,lFFA,-0.001477713030863235,adult,lFFA
mov_09,22.0,rFFA,-0.027871431116428515,adult,lFFA
mov_09,22.0,lA1,-0.09931696576864336,adult,lFFA
mov_09,22.0,rA1,0.018479183283103818,adult,lFFA
mov_10,23.0,lLO,-0.10362500350578138,adult,lFFA
mov_10,23.0,rLO,-0.16255345790295778,adult,lFFA
mov_10,23.0,lFFA,-0.010506584906532033,adult,lFFA
mov_10,23.0,rFFA,-0.0282116090586704,adult,lFFA
mov_10,23.0,lA1,0.01884708084549041,adult,lFFA
mov_10,23.0,rA1,-0.044479598452587046,adult,lFFA
mov_11,32.0,lLO,-0.13555784665938006,adult,lFFA
mov_11,32.0,rLO,-0.16512973186070024,adult,lFFA
mov_11,32.0,lFFA,-0.043267563190623096,adult,lFFA
mov_11,32.0,rFFA,-0.14760186218994656,adult,lFFA
mov_11,32.0,lA1,-0.07891653593100822,adult,lFFA
mov_11,32.0,rA1,-0.048500584009222206,adult,lFFA
mov_12,20.0,lLO,-0.17076403164315124,adult,lFFA
mov_12,20.0,rLO,-0.19548059823842445,adult,lFFA
mov_12,20.0,lFFA,-0.12784282625895635,adult,lFFA
mov_12,20.0,rFFA,-0.11288333515648138,adult,lFFA
mov_12,20.0,lA1,-0.12507605757204268,adult,lFFA
mov_12,20.0,rA1,-0.04973453367656006,adult,lFFA
mov_13,18.0,lLO,-0.059790670355577974,adult,lFFA
mov_13,18.0,rLO,-0.057433231162156394,adult,lFFA
mov_13,18.0,lFFA,-0.03470065570046004,adult,lFFA
mov_13,18.0,rFFA,-0.04189973916121322,adult,lFFA
mov_13,18.0,lA1,0.007354286754707673,adult,lFFA
mov_13,18.0,rA1,-0.04696000662865592,adult,lFFA
mov_14,20.0,lLO,-0.06136937677304322,adult,lFFA
mov_14,20.0,rLO,-0.10839353013325062,adult,lFFA
mov_14,20.0,lFFA,0.08605288459441682,adult,lFFA
mov_14,20.0,rFFA,0.00011601668144360644,adult,lFFA
mov_14,20.0,lA1,-0.05684359722858953,adult,lFFA
mov_14,20.0,rA1,-0.040588669754367694,adult,lFFA
mov_15,25.0,lLO,0.03449573170749632,adult,lFFA
mov_15,25.0,rLO,0.03384079329296376,adult,lFFA
mov_15,25.0,lFFA,0.25481037364607295,adult,lFFA
mov_15,25.0,rFFA,0.037399879851476914,adult,lFFA
mov_15,25.0,lA1,0.10492301119935445,adult,lFFA
mov_15,25.0,rA1,0.0755725974005684,adult,lFFA
mov_16,19.0,lLO,-0.12187327109906812,adult,lFFA
mov_16,19.0,rLO,-0.1019976703593372,adult,lFFA
mov_16,19.0,lFFA,0.1635128595078434,adult,lFFA
mov_16,19.0,rFFA,-0.04029696859231881,adult,lFFA
mov_16,19.0,lA1,-0.11141956545921629,adult,lFFA
mov_16,19.0,rA1,-0.05978971836390513,adult,lFFA
mov_17,22.0,lLO,-0.058959236770561016,adult,lFFA
mov_17,22.0,rLO,-0.07119451311247645,adult,lFFA
mov_17,22.0,lFFA,0.26430288668815505,adult,lFFA
mov_17,22.0,rFFA,-0.0009672365129847066,adult,lFFA
mov_17,22.0,lA1,0.020218422484725915,adult,lFFA
mov_17,22.0,rA1,-0.005637370345812875,adult,lFFA
mov_18,24.0,lLO,-0.14556772512218616,adult,lFFA
mov_18,24.0,rLO,-0.14133176060718372,adult,lFFA
mov_18,24.0,lFFA,0.086453270304971,adult,lFFA
mov_18,24.0,rFFA,-0.014968874063351472,adult,lFFA
mov_18,24.0,lA1,0.07247437146658191,adult,lFFA
mov_18,24.0,rA1,0.011070136803824567,adult,lFFA
mov_19,22.0,lLO,-0.09483454475821737,adult,lFFA
mov_19,22.0,rLO,-0.08002622678867548,adult,lFFA
mov_19,22.0,lFFA,-0.07597332306343987,adult,lFFA
mov_19,22.0,rFFA,-0.11256809936212442,adult,lFFA
mov_19,22.0,lA1,-0.11009636166796169,adult,lFFA
mov_19,22.0,rA1,-0.06294584293207403,adult,lFFA
mov_20,24.0,lLO,-0.00045461057641970996,adult,lFFA
mov_20,24.0,rLO,-0.015464720803867894,adult,lFFA
mov_20,24.0,lFFA,0.1675419936375239,adult,lFFA
mov_20,24.0,rFFA,0.052349745788780024,adult,lFFA
mov_20,24.0,lA1,-0.09262437426332215,adult,lFFA
mov_20,24.0,rA1,-0.013731708894567415,adult,lFFA
mov_22,22.0,lLO,-0.10568095409440309,adult,lFFA
mov_22,22.0,rLO,-0.09295934129032526,adult,lFFA
mov_22,22.0,lFFA,0.004420031388940485,adult,lFFA
mov_22,22.0,rFFA,-0.10758579982885785,adult,lFFA
mov_22,22.0,lA1,-0.0588803140709134,adult,lFFA
mov_22,22.0,rA1,-0.007830870578471573,adult,lFFA
mov_24,26.0,lLO,-0.051194763722862045,adult,lFFA
mov_24,26.0,rLO,-0.02461142601565389,adult,lFFA
mov_24,26.0,lFFA,0.05088959730068076,adult,lFFA
mov_24,26.0,rFFA,0.030434880102914355,adult,lFFA
mov_24,26.0,lA1,-0.06902384517922469,adult,lFFA
mov_24,26.0,rA1,-0.047815843428278965,adult,lFFA
mov_25,27.0,lLO,-0.12142938043301962,adult,lFFA
mov_25,27.0,rLO,-0.09311860884919204,adult,lFFA
mov_25,27.0,lFFA,-0.137084877321078,adult,lFFA
mov_25,27.0,rFFA,0.011882695635390825,adult,lFFA
mov_25,27.0,lA1,-0.019908558598828927,adult,lFFA
mov_25,27.0,rA1,-0.03249557644112853,adult,lFFA
mov_26,32.0,lLO,-0.14275299353228119,adult,lFFA
mov_26,32.0,rLO,-0.1133343723135577,adult,lFFA
mov_26,32.0,lFFA,-0.07783170269539763,adult,lFFA
mov_26,32.0,rFFA,-0.10889881224291018,adult,lFFA
mov_26,32.0,lA1,0.02637745741552834,adult,lFFA
mov_26,32.0,rA1,-0.0717943066186303,adult,lFFA
s0057_1_3,0.75,lLO,-0.11807437107520855,adult,rFFA
s0057_1_3,0.75,rLO,-0.126809097753881,adult,rFFA
s0057_1_3,0.75,lFFA,-0.06201442711430939,adult,rFFA
s0057_1_3,0.75,rFFA,-0.11508047679442074,adult,rFFA
s0057_1_3,0.75,lA1,0.011305205517308846,adult,rFFA
s0057_1_3,0.75,rA1,-0.06513483253254283,adult,rFFA
s0607_1_2,1.058333333,lLO,-0.009793460402885779,adult,rFFA
s0607_1_2,1.058333333,rLO,-0.029748875763524397,adult,rFFA
s0607_1_2,1.058333333,lFFA,-0.002065185207635878,adult,rFFA
s0607_1_2,1.058333333,rFFA,0.04628490802716352,adult,rFFA
s0607_1_2,1.058333333,lA1,-0.06961000428941802,adult,rFFA
s0607_1_2,1.058333333,rA1,-0.03675207131981062,adult,rFFA
s1607_1_2,0.891666667,lLO,0.08544240444125642,adult,rFFA
s1607_1_2,0.891666667,rLO,-0.05161564040684541,adult,rFFA
s1607_1_2,0.891666667,lFFA,-0.22235171415170968,adult,rFFA
s1607_1_2,0.891666667,rFFA,-0.1547813658171371,adult,rFFA
s1607_1_2,0.891666667,lA1,-0.051197192180415525,adult,rFFA
s1607_1_2,0.891666667,rA1,-0.1365532512945451,adult,rFFA
s2037_1_1,0.466666667,lLO,0.05082711518401807,adult,rFFA
s2037_1_1,0.466666667,rLO,-0.07615382917009117,adult,rFFA
s2037_1_1,0.466666667,lFFA,-0.014785992989295064,adult,rFFA
s2037_1_1,0.466666667,rFFA,-0.009800857836271283,adult,rFFA
s2037_1_1,0.466666667,lA1,0.00675626826011632,adult,rFFA
s2037_1_1,0.466666667,rA1,-0.09254756966261625,adult,rFFA
s2047_1_1,0.391666667,lLO,-0.15238143438490093,adult,rFFA
s2047_1_1,0.391666667,rLO,-0.08932453979205043,adult,rFFA
s2047_1_1,0.391666667,lFFA,-0.05800082273838053,adult,rFFA
s2047_1_1,0.391666667,rFFA,-0.13449931016641706,adult,rFFA
s2047_1_1,0.391666667,lA1,-0.026894422306784294,adult,rFFA
s2047_1_1,0.391666667,rA1,-0.08995651140791047,adult,rFFA
s2057_1_2,0.641666667,lLO,-0.05623903252397838,adult,rFFA
s2057_1_2,0.641666667,rLO,-0.01302826460983129,adult,rFFA
s2057_1_2,0.641666667,lFFA,-0.08302255408720481,adult,rFFA
s2057_1_2,0.641666667,rFFA,0.028682926264299406,adult,rFFA
s2057_1_2,0.641666667,lA1,-0.10177436663522728,adult,rFFA
s2057_1_2,0.641666667,rA1,-0.06051796261171166,adult,rFFA
s2067_1_1,0.35,lLO,0.010937916441810776,adult,rFFA
s2067_1_1,0.35,rLO,0.003244893712720865,adult,rFFA
s2067_1_1,0.35,lFFA,0.0532048966983948,adult,rFFA
s2067_1_1,0.35,rFFA,0.1309629727233908,adult,rFFA
s2067_1_1,0.35,lA1,0.02024579384545343,adult,rFFA
s2067_1_1,0.35,rA1,-0.020936803895824672,adult,rFFA
s2097_1_1,0.433333333,lLO,-0.10145475055051761,adult,rFFA
s2097_1_1,0.433333333,rLO,0.06943194710292681,adult,rFFA
s2097_1_1,0.433333333,lFFA,-0.04603230806840878,adult,rFFA
s2097_1_1,0.433333333,rFFA,0.010413438080917914,adult,rFFA
s2097_1_1,0.433333333,lA1,-0.04873456037172333,adult,rFFA
s2097_1_1,0.433333333,rA1,0.09966109602752575,adult,rFFA
s2687_1_3,0.825,lLO,-0.09088923193393686,adult,rFFA
s2687_1_3,0.825,rLO,-0.0688985076892364,adult,rFFA
s2687_1_3,0.825,lFFA,-0.20573435196866804,adult,rFFA
s2687_1_3,0.825,rFFA,0.04026983303299833,adult,rFFA
s2687_1_3,0.825,lA1,-0.1224755100938199,adult,rFFA
s2687_1_3,0.825,rA1,-0.027716427420759696,adult,rFFA
s3097_1_1,0.325,lLO,0.05653172652872404,adult,rFFA
s3097_1_1,0.325,rLO,0.020486510566616906,adult,rFFA
s3097_1_1,0.325,lFFA,0.019677177103854235,adult,rFFA
s3097_1_1,0.325,rFFA,0.014654359424967976,adult,rFFA
s3097_1_1,0.325,lA1,0.03348820331647791,adult,rFFA
s3097_1_1,0.325,rA1,0.03153493213108269,adult,rFFA
s3607_1_2,0.866666667,lLO,0.07023099001119365,adult,rFFA
s3607_1_2,0.866666667,rLO,0.10769197206931061,adult,rFFA
s3607_1_2,0.866666667,lFFA,0.016220650174643123,adult,rFFA
s3607_1_2,0.866666667,rFFA,0.07852710470078411,adult,rFFA
s3607_1_2,0.866666667,lA1,0.0597451158347494,adult,rFFA
s3607_1_2,0.866666667,rA1,0.11898934983593634,adult,rFFA
s4047_1_1,0.458333333,lLO,0.024460239134969967,adult,rFFA
s4047_1_1,0.458333333,rLO,0.08950459642290931,adult,rFFA
s4047_1_1,0.458333333,lFFA,0.0817123206259145,adult,rFFA
s4047_1_1,0.458333333,rFFA,-0.009684488004330818,adult,rFFA
s4047_1_1,0.458333333,lA1,-0.03345915451107711,adult,rFFA
s4047_1_1,0.458333333,rA1,0.08800039773988017,adult,rFFA
s4607_1_3,0.808333333,lLO,-0.10027875630435377,adult,rFFA
s4607_1_3,0.808333333,rLO,-0.07286287320033938,adult,rFFA
s4607_1_3,0.808333333,lFFA,-0.008467861041680742,adult,rFFA
s4607_1_3,0.808333333,rFFA,-0.017801637358982866,adult,rFFA
s4607_1_3,0.808333333,lA1,-0.17680351540833406,adult,rFFA
s4607_1_3,0.808333333,rA1,-0.08149975732508355,adult,rFFA
s5037_1_1,0.725,lLO,-0.23919825465324518,adult,rFFA
s5037_1_1,0.725,rLO,-0.13934464631658633,adult,rFFA
s5037_1_1,0.725,lFFA,-0.1846963800397214,adult,rFFA
s5037_1_1,0.725,rFFA,-0.13566665114722437,adult,rFFA
s5037_1_1,0.725,lA1,-0.15507382830811214,adult,rFFA
s5037_1_1,0.725,rA1,-0.07761875190348914,adult,rFFA
s6057_1_1,0.3,lLO,-0.0562201816546327,adult,rFFA
s6057_1_1,0.3,rLO,-0.05962659481841929,adult,rFFA
s6057_1_1,0.3,lFFA,-0.00041717103953715223,adult,rFFA
s6057_1_1,0.3,rFFA,-0.07027192255938867,adult,rFFA
s6057_1_1,0.3,lA1,-0.025024947641768984,adult,rFFA
s6057_1_1,0.3,rA1,-0.056275655688449416,adult,rFFA
s6607_1_2,0.616666667,lLO,-0.025826578685327062,adult,rFFA
s6607_1_2,0.616666667,rLO,-0.1566318965542083,adult,rFFA
s6607_1_2,0.616666667,lFFA,-0.16788453241369974,adult,rFFA
s6607_1_2,0.616666667,rFFA,-0.22423367610387887,adult,rFFA
s6607_1_2,0.616666667,lA1,-0.05151131469697337,adult,rFFA
s6607_1_2,0.616666667,rA1,-0.04346957125834704,adult,rFFA
s6687_1_3,0.941666667,lLO,0.051687712021020814,adult,rFFA
s6687_1_3,0.941666667,rLO,0.009735146220809815,adult,rFFA
s6687_1_3,0.941666667,lFFA,0.02873238852929641,adult,rFFA
s6687_1_3,0.941666667,rFFA,0.0012545584290658274,adult,rFFA
s6687_1_3,0.941666667,lA1,0.05202081636140427,adult,rFFA
s6687_1_3,0.941666667,rA1,0.04941250238511994,adult,rFFA
s7017_1_1,0.433333333,lLO,0.013656378580931494,adult,rFFA
s7017_1_1,0.433333333,rLO,-0.05218455970547529,adult,rFFA
s7017_1_1,0.433333333,lFFA,0.0346080568309418,adult,rFFA
s7017_1_1,0.433333333,rFFA,0.0038690540653783002,adult,rFFA
s7017_1_1,0.433333333,lA1,-0.027028724039186658,adult,rFFA
s7017_1_1,0.433333333,rA1,0.06208518268224178,adult,rFFA
s7057_1_1,0.441666667,lLO,-0.12434784505584623,adult,rFFA
s7057_1_1,0.441666667,rLO,-0.15673785443329927,adult,rFFA
s7057_1_1,0.441666667,lFFA,-0.21779423150658064,adult,rFFA
s7057_1_1,0.441666667,rFFA,-0.19994069820046276,adult,rFFA
s7057_1_1,0.441666667,lA1,0.10660575034777645,adult,rFFA
s7057_1_1,0.441666667,rA1,-0.12179235901676563,adult,rFFA
s7067_1_3,0.766666667,lLO,-0.05264494192895479,adult,rFFA
s7067_1_3,0.766666667,rLO,-0.041406174450997785,adult,rFFA
s7067_1_3,0.766666667,lFFA,-0.12984917538627644,adult,rFFA
s7067_1_3,0.766666667,rFFA,-0.08101892891348642,adult,rFFA
s7067_1_3,0.766666667,lA1,0.09799109788908983,adult,rFFA
s7067_1_3,0.766666667,rA1,0.10123642486146135,adult,rFFA
s8037_1_1,0.666666667,lLO,0.14076318771244298,adult,rFFA
s8037_1_1,0.666666667,rLO,-0.15109112512207856,adult,rFFA
s8037_1_1,0.666666667,lFFA,0.15636310861343275,adult,rFFA
s8037_1_1,0.666666667,rFFA,0.031506601185699,adult,rFFA
s8037_1_1,0.666666667,lA1,0.10555984013478956,adult,rFFA
s8037_1_1,0.666666667,rA1,-0.05851974640869377,adult,rFFA
s8077_1_1,0.391666667,lLO,-0.07386292751064907,adult,rFFA
s8077_1_1,0.391666667,rLO,-0.04964341418891029,adult,rFFA
s8077_1_1,0.391666667,lFFA,-0.007917614216011268,adult,rFFA
s8077_1_1,0.391666667,rFFA,-0.07995707694615663,adult,rFFA
s8077_1_1,0.391666667,lA1,-0.15654787207049045,adult,rFFA
s8077_1_1,0.391666667,rA1,-0.05259652124817321,adult,rFFA
s8687_1_3,0.916666667,lLO,0.013714659879670191,adult,rFFA
s8687_1_3,0.916666667,rLO,0.06151898175678535,adult,rFFA
s8687_1_3,0.916666667,lFFA,-0.00846791617572918,adult,rFFA
s8687_1_3,0.916666667,rFFA,0.05141073984588662,adult,rFFA
s8687_1_3,0.916666667,lA1,-0.12206114271090598,adult,rFFA
s8687_1_3,0.916666667,rA1,-0.028557411065013846,adult,rFFA
s9057_1_1,0.391666667,lLO,-0.19488164449512718,adult,rFFA
s9057_1_1,0.391666667,rLO,-0.14487417781358458,adult,rFFA
s9057_1_1,0.391666667,lFFA,-0.25788517010649836,adult,rFFA
s9057_1_1,0.391666667,rFFA,-0.15905723888720946,adult,rFFA
s9057_1_1,0.391666667,lA1,-0.16935444884856846,adult,rFFA
s9057_1_1,0.391666667,rA1,-0.0994946377227989,adult,rFFA
mov_01,20.0,lLO,-0.19514855648225515,adult,rFFA
mov_01,20.0,rLO,-0.23215212537005966,adult,rFFA
mov_01,20.0,lFFA,-0.2397291990362285,adult,rFFA
mov_01,20.0,rFFA,-0.025386704545479307,adult,rFFA
mov_01,20.0,lA1,0.044826861391968946,adult,rFFA
mov_01,20.0,rA1,-0.0019564750133077434,adult,rFFA
mov_02,20.0,lLO,-0.05225576805362602,adult,rFFA
mov_02,20.0,rLO,-0.054635809622253326,adult,rFFA
mov_02,20.0,lFFA,0.031202372153239073,adult,rFFA
mov_02,20.0,rFFA,0.03580332306449284,adult,rFFA
mov_02,20.0,lA1,0.05700454882190939,adult,rFFA
mov_02,20.0,rA1,0.045038642013701155,adult,rFFA
mov_03,19.0,lLO,-0.034843824845573274,adult,rFFA
mov_03,19.0,rLO,-0.019564372763742864,adult,rFFA
mov_03,19.0,lFFA,0.01730131144927112,adult,rFFA
mov_03,19.0,rFFA,0.15218109213766978,adult,rFFA
mov_03,19.0,lA1,0.011411097962676503,adult,rFFA
mov_03,19.0,rA1,0.00524909808866815,adult,rFFA
mov_04,21.0,lLO,-0.12580736777653492,adult,rFFA
mov_04,21.0,rLO,-0.12362426956117245,adult,rFFA
mov_04,21.0,lFFA,0.07184519635280195,adult,rFFA
mov_04,21.0,rFFA,0.0826240903574456,adult,rFFA
mov_04,21.0,lA1,-0.038917178627536714,adult,rFFA
mov_04,21.0,rA1,-0.02190249906605934,adult,rFFA
mov_05,21.0,lLO,-0.09441067718686139,adult,rFFA
mov_05,21.0,rLO,0.006277736976449732,adult,rFFA
mov_05,21.0,lFFA,-0.028221366033560645,adult,rFFA
mov_05,21.0,rFFA,0.08089053769031139,adult,rFFA
mov_05,21.0,lA1,-0.03043518148342374,adult,rFFA
mov_05,21.0,rA1,-0.08692065919835432,adult,rFFA
mov_06,18.0,lLO,-0.21086316661148377,adult,rFFA
mov_06,18.0,rLO,-0.10377292307053018,adult,rFFA
mov_06,18.0,lFFA,-0.17792183921887939,adult,rFFA
mov_06,18.0,rFFA,-0.02037566508716202,adult,rFFA
mov_06,18.0,lA1,-0.1160433513890673,adult,rFFA
mov_06,18.0,rA1,-0.05693626310289848,adult,rFFA
mov_07,23.0,lLO,-0.08138082920501978,adult,rFFA
mov_07,23.0,rLO,-0.13037047941154806,adult,rFFA
mov_07,23.0,lFFA,-0.07550998869359893,adult,rFFA
mov_07,23.0,rFFA,-0.10459266199607212,adult,rFFA
mov_07,23.0,lA1,-0.02937334041708587,adult,rFFA
mov_07,23.0,rA1,-0.04105515574034397,adult,rFFA
mov_08,21.0,lLO,-0.18282551616476098,adult,rFFA
mov_08,21.0,rLO,-0.23895182101257084,adult,rFFA
mov_08,21.0,lFFA,-0.1097015211807776,adult,rFFA
mov_08,21.0,rFFA,-0.04171785332459063,adult,rFFA
mov_08,21.0,lA1,-0.006455873511970116,adult,rFFA
mov_08,21.0,rA1,-0.010614135688268002,adult,rFFA
mov_09,22.0,lLO,-0.14977836213800982,adult,rFFA
mov_09,22.0,rLO,-0.2505043610352751,adult,rFFA
mov_09,22.0,lFFA,-0.006736138689943863,adult,rFFA
mov_09,22.0,rFFA,-0.1661648523437022,adult,rFFA
mov_09,22.0,lA1,-0.1916494824579617,adult,rFFA
mov_09,22.0,rA1,-0.13727097623669504,adult,rFFA
mov_10,23.0,lLO,-0.11125744378897058,adult,rFFA
mov_10,23.0,rLO,-0.2270877757387721,adult,rFFA
mov_10,23.0,lFFA,-0.22632916228296673,adult,rFFA
mov_10,23.0,rFFA,-0.11259146265787778,adult,rFFA
mov_10,23.0,lA1,0.0036947077718824735,adult,rFFA
mov_10,23.0,rA1,0.0032878391909300624,adult,rFFA
mov_11,32.0,lLO,-0.1384398890317134,adult,rFFA
mov_11,32.0,rLO,-0.16013300455967147,adult,rFFA
mov_11,32.0,lFFA,-0.05886537540411217,adult,rFFA
mov_11,32.0,rFFA,-0.06559156547628114,adult,rFFA
mov_11,32.0,lA1,-0.06534507517482384,adult,rFFA
mov_11,32.0,rA1,-0.10358050961104742,adult,rFFA
mov_12,20.0,lLO,-0.1057553211302967,adult,rFFA
mov_12,20.0,rLO,-0.1933897176946145,adult,rFFA
mov_12,20.0,lFFA,-0.13944207177163612,adult,rFFA
mov_12,20.0,rFFA,-0.03188267426772311,adult,rFFA
mov_12,20.0,lA1,-0.03714559406950241,adult,rFFA
mov_12,20.0,rA1,-0.06843647886506962,adult,rFFA
mov_13,18.0,lLO,-0.1166660845320838,adult,rFFA
mov_13,18.0,rLO,-0.1631002562823327,adult,rFFA
mov_13,18.0,lFFA,-0.043301481737350406,adult,rFFA
mov_13,18.0,rFFA,-0.027745571207622742,adult,rFFA
mov_13,18.0,lA1,-0.026779651581718363,adult,rFFA
mov_13,18.0,rA1,-0.004977295145751615,adult,rFFA
mov_14,20.0,lLO,-0.19678337097857002,adult,rFFA
mov_14,20.0,rLO,-0.22184879067116348,adult,rFFA
mov_14,20.0,lFFA,-0.18682995057755888,adult,rFFA
mov_14,20.0,rFFA,-0.05745662997153532,adult,rFFA
mov_14,20.0,lA1,-0.0668177426748191,adult,rFFA
mov_14,20.0,rA1,-0.10013464994209922,adult,rFFA
mov_15,25.0,lLO,0.04085026540371231,adult,rFFA
mov_15,25.0,rLO,-0.04299386127214312,adult,rFFA
mov_15,25.0,lFFA,0.06312275189669951,adult,rFFA
mov_15,25.0,rFFA,0.0748916630545164,adult,rFFA
mov_15,25.0,lA1,0.029860172019419973,adult,rFFA
mov_15,25.0,rA1,-0.012898857545725721,adult,rFFA
mov_16,19.0,lLO,-0.0972371487969702,adult,rFFA
mov_16,19.0,rLO,-0.018738870036319362,adult,rFFA
mov_16,19.0,lFFA,-0.1202344288838595,adult,rFFA
mov_16,19.0,rFFA,0.11176962615255832,adult,rFFA
mov_16,19.0,lA1,-0.03681798633851788,adult,rFFA
mov_16,19.0,rA1,-0.09740904682424356,adult,rFFA
mov_17,22.0,lLO,-0.08839501329111421,adult,rFFA
mov_17,22.0,rLO,-0.15547162017916277,adult,rFFA
mov_17,22.0,lFFA,-0.09144907247826868,adult,rFFA
mov_17,22.0,rFFA,0.19854619824544487,adult,rFFA
mov_17,22.0,lA1,-0.012604693118718983,adult,rFFA
mov_17,22.0,rA1,-0.05942900916486225,adult,rFFA
mov_18,24.0,lLO,-0.07075810422514821,adult,rFFA
mov_18,24.0,rLO,-0.08083746240663958,adult,rFFA
mov_18,24.0,lFFA,-0.11990182432503983,adult,rFFA
mov_18,24.0,rFFA,-0.08695012200502658,adult,rFFA
mov_18,24.0,lA1,-0.03964905783397463,adult,rFFA
mov_18,24.0,rA1,0.016152655418704896,adult,rFFA
mov_19,22.0,lLO,-0.065458714485634,adult,rFFA
mov_19,22.0,rLO,0.030264953902079818,adult,rFFA
mov_19,22.0,lFFA,0.016524655689349493,adult,rFFA
mov_19,22.0,rFFA,0.0762381645752862,adult,rFFA
mov_19,22.0,lA1,-0.11571249935094463,adult,rFFA
mov_19,22.0,rA1,-0.07558749460330276,adult,rFFA
mov_20,24.0,lLO,-0.06347994297400376,adult,rFFA
mov_20,24.0,rLO,-0.06494354345856161,adult,rFFA
mov_20,24.0,lFFA,0.03343045839138936,adult,rFFA
mov_20,24.0,rFFA,0.03161869106102651,adult,rFFA
mov_20,24.0,lA1,-0.10025135174892376,adult,rFFA
mov_20,24.0,rA1,-0.06470273464870457,adult,rFFA
mov_22,22.0,lLO,-0.05428585149534637,adult,rFFA
mov_22,22.0,rLO,-0.07132563390335081,adult,rFFA
mov_22,22.0,lFFA,-0.15552877513605573,adult,rFFA
mov_22,22.0,rFFA,-0.014005433335091574,adult,rFFA
mov_22,22.0,lA1,0.00656037800744224,adult,rFFA
mov_22,22.0,rA1,-0.014512713763784647,adult,rFFA
mov_24,26.0,lLO,-0.1298209370293723,adult,rFFA
mov_24,26.0,rLO,-0.1509789245074736,adult,rFFA
mov_24,26.0,lFFA,-0.14653787369376325,adult,rFFA
mov_24,26.0,rFFA,0.07856784660631885,adult,rFFA
mov_24,26.0,lA1,-0.0327351156553116,adult,rFFA
mov_24,26.0,rA1,0.051979447641604185,adult,rFFA
mov_25,27.0,lLO,-0.01869798936122229,adult,rFFA
mov_25,27.0,rLO,-0.012334195895896852,adult,rFFA
mov_25,27.0,lFFA,-0.03416298767330242,adult,rFFA
mov_25,27.0,rFFA,0.054842011307476936,adult,rFFA
mov_25,27.0,lA1,0.057031454061438044,adult,rFFA
mov_25,27.0,rA1,0.00874122224653126,adult,rFFA
mov_26,32.0,lLO,0.04479781109796893,adult,rFFA
mov_26,32.0,rLO,0.0038314682590791863,adult,rFFA
mov_26,32.0,lFFA,0.10007121360391026,adult,rFFA
mov_26,32.0,rFFA,0.1414472499577901,adult,rFFA
mov_26,32.0,lA1,0.05879799176060241,adult,rFFA
mov_26,32.0,rA1,-0.019724141079205483,adult,rFFA
s0057_1_3,0.75,lLO,-0.08725662675085202,adult,lA1
s0057_1_3,0.75,rLO,-0.16802110339406778,adult,lA1
s0057_1_3,0.75,lFFA,-0.00413593324558395,adult,lA1
s0057_1_3,0.75,rFFA,-0.09037710729161837,adult,lA1
s0057_1_3,0.75,lA1,0.07347636235039134,adult,lA1
s0057_1_3,0.75,rA1,0.022337365091147636,adult,lA1
s0607_1_2,1.058333333,lLO,0.11881080732277989,adult,lA1
s0607_1_2,1.058333333,rLO,0.07888261123241165,adult,lA1
s0607_1_2,1.058333333,lFFA,0.12446912622156917,adult,lA1
s0607_1_2,1.058333333,rFFA,0.09821606384570396,adult,lA1
s0607_1_2,1.058333333,lA1,-0.05728610856400612,adult,lA1
s0607_1_2,1.058333333,rA1,0.10244162207630385,adult,lA1
s1607_1_2,0.891666667,lLO,0.035286219199990254,adult,lA1
s1607_1_2,0.891666667,rLO,-0.18097458332702454,adult,lA1
s1607_1_2,0.891666667,lFFA,-0.20523295891861304,adult,lA1
s1607_1_2,0.891666667,rFFA,-0.09615670312932625,adult,lA1
s1607_1_2,0.891666667,lA1,0.11135654747981677,adult,lA1
s1607_1_2,0.891666667,rA1,-0.02020195889725555,adult,lA1
s2037_1_1,0.466666667,lLO,-0.04071055904358639,adult,lA1
s2037_1_1,0.466666667,rLO,0.05961029680191877,adult,lA1
s2037_1_1,0.466666667,lFFA,-0.18816891845192513,adult,lA1
s2037_1_1,0.466666667,rFFA,0.08536294875511302,adult,lA1
s2037_1_1,0.466666667,lA1,-0.029132007386928248,adult,lA1
s2037_1_1,0.466666667,rA1,0.023369988862197783,adult,lA1
s2047_1_1,0.391666667,lLO,-0.20897071442650217,adult,lA1
s2047_1_1,0.391666667,rLO,-0.14524989156263435,adult,lA1
s2047_1_1,0.391666667,lFFA,-0.17932249668632477,adult,lA1
s2047_1_1,0.391666667,rFFA,-0.20983260258131214,adult,lA1
s2047_1_1,0.391666667,lA1,-0.17109732826149388,adult,lA1
s2047_1_1,0.391666667,rA1,-0.14879519128194832,adult,lA1
s2057_1_2,0.641666667,lLO,-0.059362974161473375,adult,lA1
s2057_1_2,0.641666667,rLO,-0.025459863715375168,adult,lA1
s2057_1_2,0.641666667,lFFA,-0.12582322182659111,adult,lA1
s2057_1_2,0.641666667,rFFA,-0.1154882699631784,adult,lA1
s2057_1_2,0.641666667,lA1,-0.007219946692126493,adult,lA1
s2057_1_2,0.641666667,rA1,-0.02639427499625734,adult,lA1
s2067_1_1,0.35,lLO,0.03575150425628761,adult,lA1
s2067_1_1,0.35,rLO,0.0748674152509024,adult,lA1
s2067_1_1,0.35,lFFA,0.01593791581437191,adult,lA1
s2067_1_1,0.35,rFFA,0.008314708594693774,adult,lA1
s2067_1_1,0.35,lA1,0.08058571113132662,adult,lA1
s2067_1_1,0.35,rA1,0.09119199042310103,adult,lA1
s2097_1_1,0.433333333,lLO,-0.06181129378391105,adult,lA1
s2097_1_1,0.433333333,rLO,-0.09519077320456493,adult,lA1
s2097_1_1,0.433333333,lFFA,-0.08017247612537742,adult,lA1
s2097_1_1,0.433333333,rFFA,-0.008786859752558624,adult,lA1
s2097_1_1,0.433333333,lA1,-0.057120148805107684,adult,lA1
s2097_1_1,0.433333333,rA1,0.010415927901340348,adult,lA1
s2687_1_3,0.825,lLO,-0.16235902707427696,adult,lA1
s2687_1_3,0.825,rLO,-0.18433498660011083,adult,lA1
s2687_1_3,0.825,lFFA,-0.19727410338795628,adult,lA1
s2687_1_3,0.825,rFFA,-0.16982838465740938,adult,lA1
s2687_1_3,0.825,lA1,-0.10874107820870735,adult,lA1
s2687_1_3,0.825,rA1,-0.12671057381053316,adult,lA1
s3097_1_1,0.325,lLO,-0.011155197931692895,adult,lA1
s3097_1_1,0.325,rLO,0.031228751940088652,adult,lA1
s3097_1_1,0.325,lFFA,-0.14715985326910389,adult,lA1
s3097_1_1,0.325,rFFA,-0.07180986594532718,adult,lA1
s3097_1_1,0.325,lA1,-0.007875521632096729,adult,lA1
s3097_1_1,0.325,rA1,0.04641545804561195,adult,lA1
s3607_1_2,0.866666667,lLO,-0.0376461998582052,adult,lA1
s3607_1_2,0.866666667,rLO,0.02045809728100218,adult,lA1
s3607_1_2,0.866666667,lFFA,-0.03203471139018341,adult,lA1
s3607_1_2,0.866666667,rFFA,-0.01713474442317861,adult,lA1
s3607_1_2,0.866666667,lA1,-0.013459430018276625,adult,lA1
s3607_1_2,0.866666667,rA1,0.07491669276033804,adult,lA1
s4047_1_1,0.458333333,lLO,0.09286767171772296,adult,lA1
s4047_1_1,0.458333333,rLO,0.13041033232573077,adult,lA1
s4047_1_1,0.458333333,lFFA,0.05166873706796328,adult,lA1
s4047_1_1,0.458333333,rFFA,0.03423821498120823,adult,lA1
s4047_1_1,0.458333333,lA1,0.02611548630707279,adult,lA1
s4047_1_1,0.458333333,rA1,0.0486477063205292,adult,lA1
s4607_1_3,0.808333333,lLO,-0.07074376464703372,adult,lA1
s4607_1_3,0.808333333,rLO,-0.03648280763168381,adult,lA1
s4607_1_3,0.808333333,lFFA,-0.0200109221875801,adult,lA1
s4607_1_3,0.808333333,rFFA,0.03317467716536295,adult,lA1
s4607_1_3,0.808333333,lA1,-0.026780418466331713,adult,lA1
s4607_1_3,0.808333333,rA1,-0.09526531921152258,adult,lA1
s5037_1_1,0.725,lLO,-0.08541692637145193,adult,lA1
s5037_1_1,0.725,rLO,-0.024835728915728474,adult,lA1
s5037_1_1,0.725,lFFA,-0.006989139386475749,adult,lA1
s5037_1_1,0.725,rFFA,0.18789907960422242,adult,lA1
s5037_1_1,0.725,lA1,-0.0980644984474489,adult,lA1
s5037_1_1,0.725,rA1,0.08145192058222647,adult,lA1
s6057_1_1,0.3,lLO,0.08210697200196572,adult,lA1
s6057_1_1,0.3,rLO,-0.041145293312034856,adult,lA1
s6057_1_1,0.3,lFFA,0.04616102210764468,adult,lA1
s6057_1_1,0.3,rFFA,-0.03457467105937836,adult,lA1
s6057_1_1,0.3,lA1,0.1071624111679069,adult,lA1
s6057_1_1,0.3,rA1,-0.044411097168412204,adult,lA1
s6607_1_2,0.616666667,lLO,-0.05497512573812003,adult,lA1
s6607_1_2,0.616666667,rLO,-0.09513593623445744,adult,lA1
s6607_1_2,0.616666667,lFFA,-0.08514906702765443,adult,lA1
s6607_1_2,0.616666667,rFFA,0.06283568076949178,adult,lA1
s6607_1_2,0.616666667,lA1,0.02662331535574297,adult,lA1
s6607_1_2,0.616666667,rA1,0.05055069048535492,adult,lA1
s6687_1_3,0.941666667,lLO,0.09179909664491535,adult,lA1
s6687_1_3,0.941666667,rLO,0.07610263529068573,adult,lA1
s6687_1_3,0.941666667,lFFA,0.03811384803234787,adult,lA1
s6687_1_3,0.941666667,rFFA,0.0754031906303303,adult,lA1
s6687_1_3,0.941666667,lA1,0.11843021334906537,adult,lA1
s6687_1_3,0.941666667,rA1,0.08848295565686928,adult,lA1
s7017_1_1,0.433333333,lLO,-0.060634363703628125,adult,lA1
s7017_1_1,0.433333333,rLO,-0.12166996618530704,adult,lA1
s7017_1_1,0.433333333,lFFA,0.04951440216166445,adult,lA1
s7017_1_1,0.433333333,rFFA,0.07733583649989709,adult,lA1
s7017_1_1,0.433333333,lA1,-0.027865166009800615,adult,lA1
s7017_1_1,0.433333333,rA1,-0.023541645188431645,adult,lA1
s7057_1_1,0.441666667,lLO,-0.158704144397131,adult,lA1
s7057_1_1,0.441666667,rLO,-0.12486900039671092,adult,lA1
s7057_1_1,0.441666667,lFFA,-0.15467041060106357,adult,lA1
s7057_1_1,0.441666667,rFFA,-0.06746251969642227,adult,lA1
s7057_1_1,0.441666667,lA1,-0.08942638008053184,adult,lA1
s7057_1_1,0.441666667,rA1,-0.05730219843808898,adult,lA1
s7067_1_3,0.766666667,lLO,-0.1363666465582931,adult,lA1
s7067_1_3,0.766666667,rLO,-0.08332762034042535,adult,lA1
s7067_1_3,0.766666667,lFFA,-0.28108624402785054,adult,lA1
s7067_1_3,0.766666667,rFFA,-0.16087210399601853,adult,lA1
s7067_1_3,0.766666667,lA1,0.09121500874494771,adult,lA1
s7067_1_3,0.766666667,rA1,0.0972357906428252,adult,lA1
s8037_1_1,0.666666667,lLO,-0.07130984011153416,adult,lA1
s8037_1_1,0.666666667,rLO,-0.1708613352547761,adult,lA1
s8037_1_1,0.666666667,lFFA,-0.18928578449061345,adult,lA1
s8037_1_1,0.666666667,rFFA,-0.23333934320765928,adult,lA1
s8037_1_1,0.666666667,lA1,-0.23534865765707028,adult,lA1
s8037_1_1,0.666666667,rA1,-0.31555479788930796,adult,lA1
s8077_1_1,0.391666667,lLO,-0.00259849328870603,adult,lA1
s8077_1_1,0.391666667,rLO,-0.2142910468126898,adult,lA1
s8077_1_1,0.391666667,lFFA,-0.06959677550808413,adult,lA1
s8077_1_1,0.391666667,rFFA,-0.06211564014408687,adult,lA1
s8077_1_1,0.391666667,lA1,-0.08160967519843172,adult,lA1
s8077_1_1,0.391666667,rA1,-0.22818267724621605,adult,lA1
s8687_1_3,0.916666667,lLO,-0.16523430289200183,adult,lA1
s8687_1_3,0.916666667,rLO,0.0051552635681342,adult,lA1
s8687_1_3,0.916666667,lFFA,-0.2651160638158733,adult,lA1
s8687_1_3,0.916666667,rFFA,-0.033229198724726974,adult,lA1
s8687_1_3,0.916666667,lA1,-0.03543606911854196,adult,lA1
s8687_1_3,0.916666667,rA1,0.012657680240536354,adult,lA1
s9057_1_1,0.391666667,lLO,-0.13827288194626816,adult,lA1
s9057_1_1,0.391666667,rLO,0.003635460546013186,adult,lA1
s9057_1_1,0.391666667,lFFA,-0.28798217127312353,adult,lA1
s9057_1_1,0.391666667,rFFA,-0.1650042280673774,adult,lA1
s9057_1_1,0.391666667,lA1,0.005277520322023208,adult,lA1
s9057_1_1,0.391666667,rA1,-0.043866809535875254,adult,lA1
mov_01,20.0,lLO,-0.046717350130550214,adult,lA1
mov_01,20.0,rLO,-0.07647166788663001,adult,lA1
mov_01,20.0,lFFA,-0.16526303529233882,adult,lA1
mov_01,20.0,rFFA,-0.03833041689039829,adult,lA1
mov_01,20.0,lA1,0.07390302276021504,adult,lA1
mov_01,20.0,rA1,-0.061172890911695234,adult,lA1
mov_02,20.0,lLO,-0.1162243079485579,adult,lA1
mov_02,20.0,rLO,-0.06119099596660965,adult,lA1
mov_02,20.0,lFFA,-0.1434252731957913,adult,lA1
mov_02,20.0,rFFA,-0.048006419342562986,adult,lA1
mov_02,20.0,lA1,0.02798922143944445,adult,lA1
mov_02,20.0,rA1,-0.05556182902426135,adult,lA1
mov_03,19.0,lLO,-0.07485134711168341,adult,lA1
mov_03,19.0,rLO,-0.07791902883584519,adult,lA1
mov_03,19.0,lFFA,-0.037021223914846094,adult,lA1
mov_03,19.0,rFFA,-0.05751368255203501,adult,lA1
mov_03,19.0,lA1,0.0032018459184891823,adult,lA1
mov_03,19.0,rA1,-0.05830775112173145,adult,lA1
mov_04,21.0,lLO,-0.062498178897131954,adult,lA1
mov_04,21.0,rLO,-0.09209261611095315,adult,lA1
mov_04,21.0,lFFA,-0.07249834767745941,adult,lA1
mov_04,21.0,rFFA,0.05804968042479662,adult,lA1
mov_04,21.0,lA1,0.08387049338963729,adult,lA1
mov_04,21.0,rA1,0.0792317622120245,adult,lA1
mov_05,21.0,lLO,-0.1481577874114563,adult,lA1
mov_05,21.0,rLO,-0.10340000259044863,adult,lA1
mov_05,21.0,lFFA,-0.12774859598428304,adult,lA1
mov_05,21.0,rFFA,-0.05293951126732707,adult,lA1
mov_05,21.0,lA1,0.03175552071761843,adult,lA1
mov_05,21.0,rA1,-0.06755329105490034,adult,lA1
mov_06,18.0,lLO,-0.07744101358160355,adult,lA1
mov_06,18.0,rLO,-0.019591609917954403,adult,lA1
mov_06,18.0,lFFA,-0.10039415072587612,adult,lA1
mov_06,18.0,rFFA,-0.06675060072904564,adult,lA1
mov_06,18.0,lA1,0.007531244599764567,adult,lA1
mov_06,18.0,rA1,-0.0638624753688792,adult,lA1
mov_07,23.0,lLO,-0.12511031019366675,adult,lA1
mov_07,23.0,rLO,-0.15758069555940685,adult,lA1
mov_07,23.0,lFFA,-0.13455774713857413,adult,lA1
mov_07,23.0,rFFA,-0.1415656496683591,adult,lA1
mov_07,23.0,lA1,-0.043310594388005275,adult,lA1
mov_07,23.0,rA1,-0.08285749613475987,adult,lA1
mov_08,21.0,lLO,-0.18902803020896594,adult,lA1
mov_08,21.0,rLO,-0.25086749203298436,adult,lA1
mov_08,21.0,lFFA,-0.16571921284693525,adult,lA1
mov_08,21.0,rFFA,-0.2000719930325634,adult,lA1
mov_08,21.0,lA1,-0.014876268531846992,adult,lA1
mov_08,21.0,rA1,-0.0713500807124161,adult,lA1
mov_09,22.0,lLO,-0.06138401858072128,adult,lA1
mov_09,22.0,rLO,-0.11068839594800067,adult,lA1
mov_09,22.0,lFFA,-0.02570142951054473,adult,lA1
mov_09,22.0,rFFA,0.018405653362477917,adult,lA1
mov_09,22.0,lA1,0.015477003942363577,adult,lA1
mov_09,22.0,rA1,-0.041867168602610624,adult,lA1
mov_10,23.0,lLO,-0.1180388628625388,adult,lA1
mov_10,23.0,rLO,-0.14421160883191927,adult,lA1
mov_10,23.0,lFFA,-0.18946249331502582,adult,lA1
mov_10,23.0,rFFA,-0.06845879459142022,adult,lA1
mov_10,23.0,lA1,0.04629199080342545,adult,lA1
mov_10,23.0,rA1,-0.005422048903997979,adult,lA1
mov_11,32.0,lLO,-0.08888459658463134,adult,lA1
mov_11,32.0,rLO,-0.14370861615776662,adult,lA1
mov_11,32.0,lFFA,0.04858729814398668,adult,lA1
mov_11,32.0,rFFA,-0.031981762087862756,adult,lA1
mov_11,32.0,lA1,-0.05529135436665231,adult,lA1
mov_11,32.0,rA1,-0.036583040480381024,adult,lA1
mov_12,20.0,lLO,-0.10808999369004443,adult,lA1
mov_12,20.0,rLO,-0.13452815252104716,adult,lA1
mov_12,20.0,lFFA,-0.07518000212946861,adult,lA1
mov_12,20.0,rFFA,0.017212823534668503,adult,lA1
mov_12,20.0,lA1,0.12142159722275023,adult,lA1
mov_12,20.0,rA1,0.004634709859862704,adult,lA1
mov_13,18.0,lLO,-0.0931379486382211,adult,lA1
mov_13,18.0,rLO,-0.12363921533143547,adult,lA1
mov_13,18.0,lFFA,-0.14721293794703483,adult,lA1
mov_13,18.0,rFFA,-0.03682265726492496,adult,lA1
mov_13,18.0,lA1,0.019808495043921147,adult,lA1
mov_13,18.0,rA1,-0.06586821836912553,adult,lA1
mov_14,20.0,lLO,-0.16583574921494623,adult,lA1
mov_14,20.0,rLO,-0.23416317539523004,adult,lA1
mov_14,20.0,lFFA,-0.17070892159709591,adult,lA1
mov_14,20.0,rFFA,-0.08743265384503808,adult,lA1
mov_14,20.0,lA1,-0.06662717095075364,adult,lA1
mov_14,20.0,rA1,-0.14344262742660663,adult,lA1
mov_15,25.0,lLO,-0.08319730896790062,adult,lA1
mov_15,25.0,rLO,-0.13509753308693614,adult,lA1
mov_15,25.0,lFFA,-0.00425473552754589,adult,lA1
mov_15,25.0,rFFA,-0.08528361562481866,adult,lA1
mov_15,25.0,lA1,0.13757358814526485,adult,lA1
mov_15,25.0,rA1,-0.14015247407440043,adult,lA1
mov_16,19.0,lLO,-0.17899737616472894,adult,lA1
mov_16,19.0,rLO,-0.06526016859647808,adult,lA1
mov_16,19.0,lFFA,0.049816381064694534,adult,lA1
mov_16,19.0,rFFA,-0.014574931396638555,adult,lA1
mov_16,19.0,lA1,-0.03979898261280675,adult,lA1
mov_16,19.0,rA1,-0.0698797001968882,adult,lA1
mov_17,22.0,lLO,-0.10072746923124343,adult,lA1
mov_17,22.0,rLO,-0.09762635906295994,adult,lA1
mov_17,22.0,lFFA,-0.04717733388402723,adult,lA1
mov_17,22.0,rFFA,-0.005969782603093022,adult,lA1
mov_17,22.0,lA1,-0.028160100373356003,adult,lA1
mov_17,22.0,rA1,-0.05159382393410925,adult,lA1
mov_18,24.0,lLO,-0.035081702293074925,adult,lA1
mov_18,24.0,rLO,-0.05013275812108672,adult,lA1
mov_18,24.0,lFFA,0.0007717471670681125,adult,lA1
mov_18,24.0,rFFA,-0.07088107697399462,adult,lA1
mov_18,24.0,lA1,-0.019439919111496527,adult,lA1
mov_18,24.0,rA1,0.00541430209022443,adult,lA1
mov_19,22.0,lLO,-0.10507121726398451,adult,lA1
mov_19,22.0,rLO,-0.09328282061563531,adult,lA1
mov_19,22.0,lFFA,-0.03996108701478295,adult,lA1
mov_19,22.0,rFFA,-0.004856074301724725,adult,lA1
mov_19,22.0,lA1,-0.1421228406445566,adult,lA1
mov_19,22.0,rA1,-0.14864262070240808,adult,lA1
mov_20,24.0,lLO,-0.10499591978904838,adult,lA1
mov_20,24.0,rLO,-0.10047618820447937,adult,lA1
mov_20,24.0,lFFA,0.04788067980692427,adult,lA1
mov_20,24.0,rFFA,0.003992561260309309,adult,lA1
mov_20,24.0,lA1,-0.07972087956910096,adult,lA1
mov_20,24.0,rA1,-0.09210847751657805,adult,lA1
mov_22,22.0,lLO,-0.027934082920826848,adult,lA1
mov_22,22.0,rLO,-0.00543282544237706,adult,lA1
mov_22,22.0,lFFA,-0.11065310336954078,adult,lA1
mov_22,22.0,rFFA,-0.010543752021609752,adult,lA1
mov_22,22.0,lA1,0.04949423280879413,adult,lA1
mov_22,22.0,rA1,-0.10833707081529204,adult,lA1
mov_24,26.0,lLO,-0.14735126009736899,adult,lA1
mov_24,26.0,rLO,-0.12874798157323875,adult,lA1
mov_24,26.0,lFFA,-0.10612821352024791,adult,lA1
mov_24,26.0,rFFA,0.005223802176789048,adult,lA1
mov_24,26.0,lA1,0.029760375669220067,adult,lA1
mov_24,26.0,rA1,-0.005404503784204989,adult,lA1
mov_25,27.0,lLO,-0.09352555198336111,adult,lA1
mov_25,27.0,rLO,-0.10290374199716179,adult,lA1
mov_25,27.0,lFFA,-0.08973529994529582,adult,lA1
mov_25,27.0,rFFA,-0.038470487640848386,adult,lA1
mov_25,27.0,lA1,-0.0068595389502802175,adult,lA1
mov_25,27.0,rA1,-0.03044646840108775,adult,lA1
mov_26,32.0,lLO,-0.14578398383014404,adult,lA1
mov_26,32.0,rLO,-0.14650422656634815,adult,lA1
mov_26,32.0,lFFA,-0.023267286054837993,adult,lA1
mov_26,32.0,rFFA,0.02834788945488402,adult,lA1
mov_26,32.0,lA1,-0.038147983904974814,adult,lA1
mov_26,32.0,rA1,-0.0717369162013333,adult,lA1
s0057_1_3,0.75,lLO,-0.11575048201602055,adult,rA1
s0057_1_3,0.75,rLO,-0.07560623359026748,adult,rA1
s0057_1_3,0.75,lFFA,-0.09941276098116457,adult,rA1
s0057_1_3,0.75,rFFA,-0.061745671295244296,adult,rA1
s0057_1_3,0.75,lA1,0.1373410156158313,adult,rA1
s0057_1_3,0.75,rA1,0.10228373230480006,adult,rA1
s0607_1_2,1.058333333,lLO,0.10454536230778055,adult,rA1
s0607_1_2,1.058333333,rLO,0.03146712678715891,adult,rA1
s0607_1_2,1.058333333,lFFA,0.04172023750233805,adult,rA1
s0607_1_2,1.058333333,rFFA,0.0830598005037937,adult,rA1
s0607_1_2,1.058333333,lA1,-0.04998098761260443,adult,rA1
s0607_1_2,1.058333333,rA1,0.05030397898948555,adult,rA1
s1607_1_2,0.891666667,lLO,-0.0014033439527511224,adult,rA1
s1607_1_2,0.891666667,rLO,0.016521015488563464,adult,rA1
s1607_1_2,0.891666667,lFFA,-0.11463006087478272,adult,rA1
s1607_1_2,0.891666667,rFFA,0.14610426656029857,adult,rA1
s1607_1_2,0.891666667,lA1,-0.02952499973551368,adult,rA1
s1607_1_2,0.891666667,rA1,0.08725407408062319,adult,rA1
s2037_1_1,0.466666667,lLO,-0.08692865752127182,adult,rA1
s2037_1_1,0.466666667,rLO,-0.11896711867436988,adult,rA1
s2037_1_1,0.466666667,lFFA,-0.06506690405221321,adult,rA1
s2037_1_1,0.466666667,rFFA,-0.2540991851890109,adult,rA1
s2037_1_1,0.466666667,lA1,-0.125990048295071,adult,rA1
s2037_1_1,0.466666667,rA1,-0.2304456015298415,adult,rA1
s2047_1_1,0.391666667,lLO,-0.1484282914544291,adult,rA1
s2047_1_1,0.391666667,rLO,-0.09555412754207818,adult,rA1
s2047_1_1,0.391666667,lFFA,-0.08946665674413155,adult,rA1
s2047_1_1,0.391666667,rFFA,-0.14305632976558758,adult,rA1
s2047_1_1,0.391666667,lA1,-0.09152843622785951,adult,rA1
s2047_1_1,0.391666667,rA1,-0.07499001101655695,adult,rA1
s2057_1_2,0.641666667,lLO,-0.026512756790408765,adult,rA1
s2057_1_2,0.641666667,rLO,-0.037164017969850596,adult,rA1
s2057_1_2,0.641666667,lFFA,-0.30510589153634005,adult,rA1
s2057_1_2,0.641666667,rFFA,-0.12785017795004544,adult,rA1
s2057_1_2,0.641666667,lA1,-0.11754415647175934,adult,rA1
s2057_1_2,0.641666667,rA1,-0.038259663777493916,adult,rA1
s2067_1_1,0.35,lLO,-0.05607195799096826,adult,rA1
s2067_1_1,0.35,rLO,0.026538542585451824,adult,rA1
s2067_1_1,0.35,lFFA,-0.05731456731370943,adult,rA1
s2067_1_1,0.35,rFFA,-0.01419869923790277,adult,rA1
s2067_1_1,0.35,lA1,-0.0429634566706157,adult,rA1
s2067_1_1,0.35,rA1,0.1061633922574469,adult,rA1
s2097_1_1,0.433333333,lLO,0.02590430643122899,adult,rA1
s2097_1_1,0.433333333,rLO,-0.1812597955492689,adult,rA1
s2097_1_1,0.433333333,lFFA,0.01727401912176834,adult,rA1
s2097_1_1,0.433333333,rFFA,-0.04728023200790134,adult,rA1
s2097_1_1,0.433333333,lA1,0.056988421122955935,adult,rA1
s2097_1_1,0.433333333,rA1,-0.11519081861847653,adult,rA1
s2687_1_3,0.825,lLO,-0.11678704256288429,adult,rA1
s2687_1_3,0.825,rLO,-0.041823767775970376,adult,rA1
s2687_1_3,0.825,lFFA,-0.1302822364994304,adult,rA1
s2687_1_3,0.825,rFFA,-0.03512687075525244,adult,rA1
s2687_1_3,0.825,lA1,-0.056987102903033424,adult,rA1
s2687_1_3,0.825,rA1,0.0819172454527851,adult,rA1
s3097_1_1,0.325,lLO,0.09766547858017298,adult,rA1
s3097_1_1,0.325,rLO,0.12458038500829427,adult,rA1
s3097_1_1,0.325,lFFA,0.0016554987952156334,adult,rA1
s3097_1_1,0.325,rFFA,0.02945037535675338,adult,rA1
s3097_1_1,0.325,lA1,0.09872389357983555,adult,rA1
s3097_1_1,0.325,rA1,0.19142838955959077,adult,rA1
s3607_1_2,0.866666667,lLO,0.04379984157607243,adult,rA1
s3607_1_2,0.866666667,rLO,0.033167290846823155,adult,rA1
s3607_1_2,0.866666667,lFFA,-0.02508289498563124,adult,rA1
s3607_1_2,0.866666667,rFFA,-0.0157960240338813,adult,rA1
s3607_1_2,0.866666667,lA1,0.03304386640541504,adult,rA1
s3607_1_2,0.866666667,rA1,0.03904498775661272,adult,rA1
s4047_1_1,0.458333333,lLO,0.07056010281619758,adult,rA1
s4047_1_1,0.458333333,rLO,0.07740690766988384,adult,rA1
s4047_1_1,0.458333333,lFFA,-0.04572506644744018,adult,rA1
s4047_1_1,0.458333333,rFFA,0.051896471645868594,adult,rA1
s4047_1_1,0.458333333,lA1,0.032006630420330626,adult,rA1
s4047_1_1,0.458333333,rA1,0.1063141800816704,adult,rA1
s4607_1_3,0.808333333,lLO,-0.04840242753183781,adult,rA1
s4607_1_3,0.808333333,rLO,-0.00897724906466351,adult,rA1
s4607_1_3,0.808333333,lFFA,-0.20281808275158103,adult,rA1
s4607_1_3,0.808333333,rFFA,-0.05233031635872071,adult,rA1
s4607_1_3,0.808333333,lA1,-0.06049044695095308,adult,rA1
s4607_1_3,0.808333333,rA1,0.03679323375585297,adult,rA1
s5037_1_1,0.725,lLO,-0.015101085114265063,adult,rA1
s5037_1_1,0.725,rLO,-0.001747193878641605,adult,rA1
s5037_1_1,0.725,lFFA,-0.0704918025368845,adult,rA1
s5037_1_1,0.725,rFFA,-0.0677049513429441,adult,rA1
s5037_1_1,0.725,lA1,-0.015805215855622383,adult,rA1
s5037_1_1,0.725,rA1,-0.03206484004763859,adult,rA1
s6057_1_1,0.3,lLO,-0.1150181557721261,adult,rA1
s6057_1_1,0.3,rLO,0.0038529628418670064,adult,rA1
s6057_1_1,0.3,lFFA,-0.07361707654708007,adult,rA1
s6057_1_1,0.3,rFFA,0.03301180416975842,adult,rA1
s6057_1_1,0.3,lA1,-0.019886232696850213,adult,rA1
s6057_1_1,0.3,rA1,-0.03753238290821044,adult,rA1
s6607_1_2,0.616666667,lLO,0.007455750016168588,adult,rA1
s6607_1_2,0.616666667,rLO,-0.0637886950378146,adult,rA1
s6607_1_2,0.616666667,lFFA,0.12579255865940395,adult,rA1
s6607_1_2,0.616666667,rFFA,0.021646297073676983,adult,rA1
s6607_1_2,0.616666667,lA1,-0.108150922604604,adult,rA1
s6607_1_2,0.616666667,rA1,-0.09674091970453977,adult,rA1
s6687_1_3,0.941666667,lLO,0.12633637498500574,adult,rA1
s6687_1_3,0.941666667,rLO,0.09637556932713034,adult,rA1
s6687_1_3,0.941666667,lFFA,0.17398818979881545,adult,rA1
s6687_1_3,0.941666667,rFFA,0.1840911726334687,adult,rA1
s6687_1_3,0.941666667,lA1,0.17688837787790612,adult,rA1
s6687_1_3,0.941666667,rA1,0.10184122266799339,adult,rA1
s7017_1_1,0.433333333,lLO,-0.18877255393981485,adult,rA1
s7017_1_1,0.433333333,rLO,-0.17005071287805273,adult,rA1
s7017_1_1,0.433333333,lFFA,-0.16346605909224401,adult,rA1
s7017_1_1,0.433333333,rFFA,-0.06720796529975268,adult,rA1
s7017_1_1,0.433333333,lA1,-0.18478264013939477,adult,rA1
s7017_1_1,0.433333333,rA1,-0.10258853221057002,adult,rA1
s7057_1_1,0.441666667,lLO,0.015222934574495351,adult,rA1
s7057_1_1,0.441666667,rLO,0.030891903749083075,adult,rA1
s7057_1_1,0.441666667,lFFA,0.019658195338255934,adult,rA1
s7057_1_1,0.441666667,rFFA,0.1501768133959024,adult,rA1
s7057_1_1,0.441666667,lA1,-0.08323355843763947,adult,rA1
s7057_1_1,0.441666667,rA1,0.01883625319628925,adult,rA1
s7067_1_3,0.766666667,lLO,0.04714054510708595,adult,rA1
s7067_1_3,0.766666667,rLO,0.006363602430488963,adult,rA1
s7067_1_3,0.766666667,lFFA,0.07187888823192487,adult,rA1
s7067_1_3,0.766666667,rFFA,-0.049881047260527375,adult,rA1
s7067_1_3,0.766666667,lA1,0.042130127298904176,adult,rA1
s7067_1_3,0.766666667,rA1,-0.040052906041219125,adult,rA1
s8037_1_1,0.666666667,lLO,-0.028032613618960506,adult,rA1
s8037_1_1,0.666666667,rLO,-0.010309634333326528,adult,rA1
s8037_1_1,0.666666667,lFFA,0.043999409652530776,adult,rA1
s8037_1_1,0.666666667,rFFA,-0.07984333148727757,adult,rA1
s8037_1_1,0.666666667,lA1,-0.09491135392650847,adult,rA1
s8037_1_1,0.666666667,rA1,-0.0900279378903435,adult,rA1
s8077_1_1,0.391666667,lLO,0.0009656033159025496,adult,rA1
s8077_1_1,0.391666667,rLO,-0.09618800695076826,adult,rA1
s8077_1_1,0.391666667,lFFA,-0.04147948261431336,adult,rA1
s8077_1_1,0.391666667,rFFA,-0.05418000093647901,adult,rA1
s8077_1_1,0.391666667,lA1,0.029440689210364357,adult,rA1
s8077_1_1,0.391666667,rA1,-0.09232225310327968,adult,rA1
s8687_1_3,0.916666667,lLO,0.006204300575357993,adult,rA1
s8687_1_3,0.916666667,rLO,0.07536177825040408,adult,rA1
s8687_1_3,0.916666667,lFFA,-0.10894549631825091,adult,rA1
s8687_1_3,0.916666667,rFFA,-0.012470237444180254,adult,rA1
s8687_1_3,0.916666667,lA1,0.04411247590617667,adult,rA1
s8687_1_3,0.916666667,rA1,0.11459168338199184,adult,rA1
s9057_1_1,0.391666667,lLO,-0.08921684290478687,adult,rA1
s9057_1_1,0.391666667,rLO,-0.06999448510761934,adult,rA1
s9057_1_1,0.391666667,lFFA,-0.19395309172391334,adult,rA1
s9057_1_1,0.391666667,rFFA,-0.17778179096247343,adult,rA1
s9057_1_1,0.391666667,lA1,-0.078729631931761,adult,rA1
s9057_1_1,0.391666667,rA1,-0.13473599968088926,adult,rA1
mov_01,20.0,lLO,-0.07178130768921742,adult,rA1
mov_01,20.0,rLO,-0.13032662679863868,adult,rA1
mov_01,20.0,lFFA,-0.13235606801052663,adult,rA1
mov_01,20.0,rFFA,-0.05679314461903568,adult,rA1
mov_01,20.0,lA1,-0.04285219383280198,adult,rA1
mov_01,20.0,rA1,-0.06359357084776779,adult,rA1
mov_02,20.0,lLO,0.0037714348301342822,adult,rA1
mov_02,20.0,rLO,-0.001966075200554542,adult,rA1
mov_02,20.0,lFFA,-0.03299545464152367,adult,rA1
mov_02,20.0,rFFA,-0.07059298602751507,adult,rA1
mov_02,20.0,lA1,0.04283239433949142,adult,rA1
mov_02,20.0,rA1,0.0035847353353191044,adult,rA1
mov_03,19.0,lLO,-0.1842817580569503,adult,rA1
mov_03,19.0,rLO,-0.13452489223862024,adult,rA1
mov_03,19.0,lFFA,-0.18711153513519946,adult,rA1
mov_03,19.0,rFFA,-0.10546805772240095,adult,rA1
mov_03,19.0,lA1,-0.045651053260081835,adult,rA1
mov_03,19.0,rA1,-0.08523813388594781,adult,rA1
mov_04,21.0,lLO,-0.08450292417633724,adult,rA1
mov_04,21.0,rLO,-0.1257336696303966,adult,rA1
mov_04,21.0,lFFA,0.04252764323830899,adult,rA1
mov_04,21.0,rFFA,-0.06901827259253239,adult,rA1
mov_04,21.0,lA1,0.07535851301903693,adult,rA1
mov_04,21.0,rA1,0.10011742284474051,adult,rA1
mov_05,21.0,lLO,-0.15268270096975875,adult,rA1
mov_05,21.0,rLO,-0.07906692389280341,adult,rA1
mov_05,21.0,lFFA,-0.07341163249376875,adult,rA1
mov_05,21.0,rFFA,-0.01641593878507473,adult,rA1
mov_05,21.0,lA1,-0.004603631839097143,adult,rA1
mov_05,21.0,rA1,0.03858657456996436,adult,rA1
mov_06,18.0,lLO,-0.06197397734928268,adult,rA1
mov_06,18.0,rLO,0.04440376192408203,adult,rA1
mov_06,18.0,lFFA,-0.02854949474890093,adult,rA1
mov_06,18.0,rFFA,-0.010156167051178956,adult,rA1
mov_06,18.0,lA1,-0.10986768404482311,adult,rA1
mov_06,18.0,rA1,0.040161148277483016,adult,rA1
mov_07,23.0,lLO,-0.06473707757616855,adult,rA1
mov_07,23.0,rLO,-0.05704869878676506,adult,rA1
mov_07,23.0,lFFA,-0.06362550868337086,adult,rA1
mov_07,23.0,rFFA,-0.0917344507717707,adult,rA1
mov_07,23.0,lA1,0.008427407410170123,adult,rA1
mov_07,23.0,rA1,0.04987246238067666,adult,rA1
mov_08,21.0,lLO,-0.1338346048008966,adult,rA1
mov_08,21.0,rLO,-0.19530411237388107,adult,rA1
mov_08,21.0,lFFA,-0.15366285215588207,adult,rA1
mov_08,21.0,rFFA,-0.12922467434357704,adult,rA1
mov_08,21.0,lA1,0.02271769197612282,adult,rA1
mov_08,21.0,rA1,0.02349960477247461,adult,rA1
mov_09,22.0,lLO,-0.06383458299470529,adult,rA1
mov_09,22.0,rLO,-0.08009674668850213,adult,rA1
mov_09,22.0,lFFA,-0.1678135799953731,adult,rA1
mov_09,22.0,rFFA,-0.08976931259729976,adult,rA1
mov_09,22.0,lA1,-0.13182206735848462,adult,rA1
mov_09,22.0,rA1,-0.07293469114226764,adult,rA1
mov_10,23.0,lLO,-0.13150279625279127,adult,rA1
mov_10,23.0,rLO,-0.14028977740242987,adult,rA1
mov_10,23.0,lFFA,-0.2104287434466135,adult,rA1
mov_10,23.0,rFFA,-0.0328939394684599,adult,rA1
mov_10,23.0,lA1,-0.017399115345612788,adult,rA1
mov_10,23.0,rA1,0.13010746120971128,adult,rA1
mov_11,32.0,lLO,-0.056010687687009154,adult,rA1
mov_11,32.0,rLO,-0.08003810400554012,adult,rA1
mov_11,32.0,lFFA,0.005451159113344775,adult,rA1
mov_11,32.0,rFFA,-0.0864048053850006,adult,rA1
mov_11,32.0,lA1,-0.08393465202359608,adult,rA1
mov_11,32.0,rA1,-0.010276978165112485,adult,rA1
mov_12,20.0,lLO,-0.1080255638452624,adult,rA1
mov_12,20.0,rLO,-0.14952146737781602,adult,rA1
mov_12,20.0,lFFA,-0.16510709893074665,adult,rA1
mov_12,20.0,rFFA,-0.10000232415783479,adult,rA1
mov_12,20.0,lA1,-0.12060657849221054,adult,rA1
mov_12,20.0,rA1,-0.04504149060730095,adult,rA1
mov_13,18.0,lLO,-0.1297236122314726,adult,rA1
mov_13,18.0,rLO,-0.1253480386671747,adult,rA1
mov_13,18.0,lFFA,-0.1289494648127113,adult,rA1
mov_13,18.0,rFFA,-0.11606506042365039,adult,rA1
mov_13,18.0,lA1,-0.04814375474103025,adult,rA1
mov_13,18.0,rA1,-0.03951306271877918,adult,rA1
mov_14,20.0,lLO,-0.17021384312488078,adult,rA1
mov_14,20.0,rLO,-0.12323580433131973,adult,rA1
mov_14,20.0,lFFA,0.06490954014955189,adult,rA1
mov_14,20.0,rFFA,0.06985974254686733,adult,rA1
mov_14,20.0,lA1,-0.03833049395033741,adult,rA1
mov_14,20.0,rA1,0.04160940841873193,adult,rA1
mov_15,25.0,lLO,-0.04425026886035571,adult,rA1
mov_15,25.0,rLO,0.015495023860870923,adult,rA1
mov_15,25.0,lFFA,0.048716874179646034,adult,rA1
mov_15,25.0,rFFA,0.031308592117704176,adult,rA1
mov_15,25.0,lA1,0.004929512112271241,adult,rA1
mov_15,25.0,rA1,0.05919166204805243,adult,rA1
mov_16,19.0,lLO,-0.147725696922277,adult,rA1
mov_16,19.0,rLO,-0.14243824344546002,adult,rA1
mov_16,19.0,lFFA,-0.03994660373835958,adult,rA1
mov_16,19.0,rFFA,-0.030336419145007034,adult,rA1
mov_16,19.0,lA1,-0.11751748342045092,adult,rA1
mov_16,19.0,rA1,-0.05616595619324953,adult,rA1
mov_17,22.0,lLO,-0.20111502331137115,adult,rA1
mov_17,22.0,rLO,-0.20206888848635096,adult,rA1
mov_17,22.0,lFFA,0.002363381818539994,adult,rA1
mov_17,22.0,rFFA,0.021688345337597486,adult,rA1
mov_17,22.0,lA1,0.04583244025567432,adult,rA1
mov_17,22.0,rA1,0.05287722810997754,adult,rA1
mov_18,24.0,lLO,0.007946413097570236,adult,rA1
mov_18,24.0,rLO,-0.026530763790162296,adult,rA1
mov_18,24.0,lFFA,0.11418321857664149,adult,rA1
mov_18,24.0,rFFA,0.08388421240443703,adult,rA1
mov_18,24.0,lA1,0.03987045067146509,adult,rA1
mov_18,24.0,rA1,0.061068089867143203,adult,rA1
mov_19,22.0,lLO,-0.16210321069256015,adult,rA1
mov_19,22.0,rLO,-0.20658481090598363,adult,rA1
mov_19,22.0,lFFA,-0.16293463370810138,adult,rA1
mov_19,22.0,rFFA,-0.1035917133654855,adult,rA1
mov_19,22.0,lA1,-0.10610287477587924,adult,rA1
mov_19,22.0,rA1,-0.10651418671745792,adult,rA1
mov_20,24.0,lLO,-0.053634333932423686,adult,rA1
mov_20,24.0,rLO,-0.04590920001901387,adult,rA1
mov_20,24.0,lFFA,0.04847687843620791,adult,rA1
mov_20,24.0,rFFA,0.0180143192781661,adult,rA1
mov_20,24.0,lA1,0.006666278536978501,adult,rA1
mov_20,24.0,rA1,0.03909798042413311,adult,rA1
mov_22,22.0,lLO,-0.1507621444188311,adult,rA1
mov_22,22.0,rLO,-0.11763504844378875,adult,rA1
mov_22,22.0,lFFA,-0.07081115805391033,adult,rA1
mov_22,22.0,rFFA,-0.10815292618256027,adult,rA1
mov_22,22.0,lA1,-0.13445432661129525,adult,rA1
mov_22,22.0,rA1,-0.0978976131333113,adult,rA1
mov_24,26.0,lLO,-0.15761254576750702,adult,rA1
mov_24,26.0,rLO,-0.13654549432999502,adult,rA1
mov_24,26.0,lFFA,-0.06690649206000414,adult,rA1
mov_24,26.0,rFFA,-0.03289203840902688,adult,rA1
mov_24,26.0,lA1,0.02060506657685851,adult,rA1
mov_24,26.0,rA1,0.06564577663980109,adult,rA1
mov_25,27.0,lLO,-0.07730183231618004,adult,rA1
mov_25,27.0,rLO,-0.15898755364654021,adult,rA1
mov_25,27.0,lFFA,-0.05871681184354985,adult,rA1
mov_25,27.0,rFFA,-0.05248752718957209,adult,rA1
mov_25,27.0,lA1,-0.0010393688428223646,adult,rA1
mov_25,27.0,rA1,-0.008048139865144348,adult,rA1
mov_26,32.0,lLO,-0.022255893445177453,adult,rA1
mov_26,32.0,rLO,-0.017456183658274897,adult,rA1
mov_26,32.0,lFFA,-0.07484553848489561,adult,rA1
mov_26,32.0,rFFA,0.07828894346215363,adult,rA1
mov_26,32.0,lA1,0.016206010204111474,adult,rA1
mov_26,32.0,rA1,-0.026788601223609695,adult,rA1
