infant_FFA,infant_A1,infant_EVC,infant_lFFA,infant_lA1,infant_lEVC,infant_rFFA,infant_rA1,infant_rEVC,adult_FFA,adult_A1,adult_EVC,adult_lFFA,adult_lA1,adult_lEVC,adult_rFFA,adult_rA1,adult_rEVC
0.11858425916071533,-0.023096886824211474,0.14390062421415148,0.1626118907515971,0.05500259130529686,0.22033011891665574,-0.15279076696513016,-0.09023700282625308,0.05734426589526141,0.20658419688867607,0.13584367344430098,0.5923343269983128,0.1447766789691115,0.14825978465689205,0.5615527504348292,0.21477121289120693,0.09526703629106523,0.5927351793963458
0.22540840223544745,-0.041672227150968265,-0.05176149321243781,0.24991042511893888,0.08537308797831074,-0.09727838100657216,0.16594620916878036,-0.28472502283193313,0.2609784270239429,0.15650766451145087,0.36137060212623795,0.5239695278957954,-0.01455428604468794,0.31967302040937734,0.556674760922568,0.18502921974346712,0.374292867970869,0.451008903761009
0.1135980786911573,0.042022787594807286,0.24621244572629095,0.3210150464353567,0.5114805692288171,0.00920259732684581,0.03919602531470917,0.11710686122271712,-0.12906968131794627,0.21232888443963743,0.3761551632276838,0.5929103389143691,-0.22466076399777304,0.2930371452672519,0.7023832407186318,0.21922849057867388,-0.010651263664171184,0.5068647820615899
0.1701399872178123,-0.002136195885095806,0.27443808741696935,0.13885308709200578,0.09468143408669656,0.2681955256295455,0.12551842874836022,-0.14479818007052006,0.27156243038806976,0.2939257628387569,0.243035455552951,0.5306251865750647,0.3093051918127927,0.16499665619466802,0.555439636862247,0.2711529488838063,0.12097858306886405,0.46750968404626986
0.3905773517397666,0.16820743781833353,0.1874568292608743,0.32487865687470274,-0.011763520228198945,0.14439225048704957,0.382261540965536,-0.15462471170594694,-0.2419083702510476,0.08889681573941083,0.154685996278252,0.5754943069327647,0.04574779460420143,0.2895198814256583,0.58707375199859,0.11037917625493246,-0.0844545715246197,0.6056150257793727
0.216874115095014,0.11706083104195275,-0.15197189988312557,-0.1378974207049311,0.14333477816003515,-0.15896156652754134,0.24476738715680407,-0.03995711237672457,-0.14858591866790033,0.07315490760545633,0.335736759386301,0.6143758649907252,0.019833560325757855,0.2082098651653226,0.6410299593434818,0.09378267373514504,0.28029905842919456,0.6273507466971766
0.24432853223486126,0.21418409492848986,0.08134463366200095,0.08125755046619001,0.21887190163509612,0.1160679123193895,-0.06294975405271293,0.09872164200524929,0.3271059321047116,0.3040096998693694,0.14175893708605233,0.6012377679165135,0.3102583743875258,0.2041462097017882,0.5969247819850004,0.309503716874455,0.14062360824405482,0.556506999259103
0.43644938847706405,0.3491342363224407,0.4274836675813422,0.2255690699613081,0.4893325217719323,0.45258332723475503,0.48836678035377906,-0.03777236135855864,0.383710881173586,-0.2564785496334905,0.128858193945375,0.6453533131143283,0.0164210233431136,0.13820827941056768,0.6955671587841703,0.24356611204213544,0.1461471287334807,0.6157169626742405
0.16166087234649873,-0.0036242490999950465,0.01716843312157316,0.3400832189216587,0.2212830450984997,0.0641995619046701,0.08001213509169308,-0.06493323240029379,-0.002674603792487254,0.2869516719995892,0.08617106900737813,0.6395214192008023,0.22735053158692217,0.30803908738825125,0.6600928434256668,0.32642371865005115,0.2575361205276145,0.634225489955591
0.2475139539014732,-0.03860945970439675,0.1574910843927713,0.024868122000726953,-0.004337053846248051,0.15563667227025074,0.3125075015496647,-0.09448435302297234,0.15754918793111328,0.16917367288111906,0.18960576356524644,0.6676430071765608,0.11445332849134937,0.10288516896236667,0.6886322300594099,0.21808671615386038,0.18560574449568656,0.6359239307377881
0.2744320010410654,0.16497217392526134,0.21480979394340693,0.21329742293324344,0.21432655462167532,0.2118136500135634,0.2691777200307091,-0.14180257138799887,0.2293104025484385,0.21450863736097364,0.164926992609928,0.6172310875644287,0.2421176220798728,0.19568015386488793,0.5770339604783232,0.21817985542958995,0.2870990720805913,0.6257160957010859
0.2296934068763872,-0.07661396162167812,0.1566550329997936,0.22253585412577206,-0.1367564366197084,0.15708681459955479,0.19607774470501907,0.16646196625899287,0.15305200862831858,0.1501325461686338,0.18044548977762775,0.5576532102448778,0.031011246239374207,0.20525981746440025,0.5717545929588084,0.22614226317133643,0.18014206842325764,0.5112032299930294
0.010880512554204136,0.09402179728149482,0.1397737737646647,0.4085559268932009,0.1993971653999434,0.3263912093715622,-0.017259927292032184,0.07172518271172774,0.165260375051395,0.25360968575766224,0.14749276220553437,0.6062120564052642,0.2617343354734748,0.2807574796791146,0.598491734370588,0.2115120393803649,-0.040637590538639246,0.6325380347657044
0.3613739184871956,0.18959663661524637,0.1823713364732637,0.278318343483166,0.30631647115563754,0.240368745429593,0.1273716332015746,0.045875021870626455,0.16026635474660336,0.27633099968428976,-0.12817739209100731,0.5588952917273686,0.1549213468028593,0.06184852207911527,0.5635754194763023,0.30623403054103304,-0.09655185220118777,0.5804670870312842
0.34796633086836354,0.12992028842515985,0.3386183733903624,-0.01777093968115262,0.20704689176881852,0.2298382250422833,0.3368118839777046,-0.22758774134812,0.29769777150060767,-0.006003155174120683,-0.11046996150905798,0.7044904043657904,-0.03952796915171455,0.17856728224894688,0.7391161122598249,0.2323202698447629,-0.08047641987307566,0.625967299409024
0.12750986184195578,-0.0871484280193881,0.2983936453096151,0.12728258317453026,-0.019122470274877797,0.3048546914424848,0.10907753586915349,-0.0012054822035615555,0.27935274372466035,0.2317963876887845,0.1872268292551767,0.6645941684026104,0.05697493984844428,0.18472869702316416,0.5961367866865235,0.25115729765164124,0.23978637299217959,0.6910353825269833
0.15511144818167424,0.20325860231115683,0.2035611757271265,0.26080898812003295,0.1729412950451036,0.260389996313264,0.10204242799106421,-0.09986866464060198,0.13796587957483133,0.05942653224669909,0.30766297647109464,0.6650976345954789,0.14142180744664815,0.31843097711531054,0.6485480297031275,0.029702539029762214,0.25537756961586866,0.6591080919214884
0.3207022399283513,-0.31030794150132746,0.06433059093005647,0.24984869535333368,-0.08624100739627025,0.04461408122059271,0.3017431511643216,0.13350129334615435,0.10165905781046398,0.24223660811246459,-0.05787343638603103,0.6461232711957998,0.24401659446019985,-0.09061643076489136,0.6284388102047012,0.2012572907155991,0.19154853844862707,0.6249364949775409
0.340218211341118,-0.046800563110542426,0.1275451494073004,0.1944368083997038,0.08356360433311566,0.10554695306441106,0.4337975309141391,0.1158758558962632,0.13603689857945137,-0.24604941073213435,0.0798084758300346,0.6556714173764084,-0.13709270836635423,0.0809739462163345,0.6355286262020088,0.2163536160874578,0.08143207037617722,0.6095357378086088
0.2736997561578438,-0.16150081767992774,0.35232189795888524,0.315354245081639,0.010747451803490226,-0.013788390565018696,0.014143365385685353,-0.17921005367269377,0.30283964662298735,0.28297879128931513,0.25118034370626524,0.6498649324916832,-0.29449064577352585,0.24342622257374302,0.6738951591312641,0.2459730120811632,0.2541583810646662,0.6418440002920647
-0.19144340954749617,-0.11066446003759793,-0.022137789041167817,0.1961914426066126,-0.007657777076560374,-0.06657719794397657,-0.19570406845855798,0.361210580584609,0.05330656334009477,0.19095495746221708,0.04918022695736553,0.6277312610135495,0.18080562685996832,0.34584238057516237,0.5634261948434505,0.19804293219777272,0.041034935523753965,0.6558891309488621
0.22252893705041593,0.25351335309395784,-0.07407245702035133,0.44688946065961077,0.3049637658657314,-0.07162637928741494,-0.08080810088528595,-0.06467838033673133,-0.06814784146636742,0.24046450217828752,-0.11254069942874224,0.7115295401169883,0.20678298053320918,-0.15850403649931039,0.7140753583543942,0.26099043128236826,-0.07953625560993556,0.6939660877060561
0.09128026016304121,0.11632112216905449,0.19443040481708135,-0.05168799416250721,0.1886487736093077,-0.027528421952358675,0.02293811980746812,-0.13482567999273284,0.1686005360561788,0.16797844218935348,0.1664028083103319,0.49299062068117194,0.21647752900645392,0.18342525620281006,0.516201578900864,0.08208248058453294,0.11235880238118527,0.4280477498830614
0.1942663126635017,-0.17712140675471988,0.25470876893053784,0.14602664021540046,-0.015121488428099138,0.27516456710398696,0.14769937133529917,-0.1544320700874063,0.2149120711227242,0.12474509881000152,-0.007635390833403482,0.6629823331605095,0.15988241128656655,-0.0264442622127444,0.6974604551335295,0.13977377785328915,0.2542934205489488,0.6620078245062033
-0.004258537815374684,-0.08348365424608288,0.018385570741143376,0.16504626526522292,0.07811056421983799,0.052244740585107786,0.3023431079771165,-0.18384569048561072,0.31165169756546635,0.10545784606591249,0.32525518505391054,0.6392603198256718,0.08877997576641918,-0.04026157629820744,0.663773807747551,0.15935508688031924,0.2788690438408573,0.6519485430782596
0.18957074150867367,0.35899221653940694,0.08028015838507302,0.15982885527735144,0.4391669985763449,0.03854805988134838,-0.06319363837253293,-0.2930173213002648,0.11337082741285914,0.14442086931482817,0.3079352456680399,0.5481643454700984,0.08316443082011846,0.364776420172979,0.5974148514010833,0.15512349523880517,0.24978659809946469,0.5539764166225178
0.2818988780833007,0.16819819828470345,-0.029303357252621398,0.2904473353880791,-0.08701366645590486,-0.05208513163902619,0.3028140361931321,0.12303859613046686,-0.007703145612854921,0.20817204319729513,-0.18342812390769925,0.6479549417438384,0.19603728757359468,-0.19636623768363637,0.6491308348027851,0.21765789944529207,0.038003595273881204,0.6613267012435119
-0.13288568183916102,-0.16056095140325372,0.10261045166957532,0.3690565364123012,0.32827951648763487,0.08517099782698467,0.2784405202300959,-0.2232580736890079,0.06665099907845304,0.18763381575137617,0.258443534518327,0.5190476970027442,-0.03605450761698088,0.12352205585222938,0.512950439995525,0.21788016680071703,0.14224083689990288,0.5774659691146924
0.3481970703697814,0.12438509446265475,0.2455263557512855,0.3257078245246263,0.2704738707309511,0.20840184991581867,0.21013866435520784,-0.0737612253930228,0.2959433293210696,0.06332379970132573,0.2628421748641361,0.6211119467683864,0.16711386859825209,0.32572454832479475,0.5888478291715437,0.02236701396616763,0.21388055966371694,0.6420008667879245
0.05555071614525411,0.23756474569425762,0.25329571750312985,0.2420045625209656,0.259581202575338,0.14855431081448656,0.01572290730936847,0.05217128152770172,0.24145294465435885,-0.018946963893746907,-0.13145293781064715,0.6792762518096713,-0.07639449192860612,-0.05900972751246297,0.6194365359090088,0.15594853642300818,-0.12275760033096382,0.6844732027635836
0.04668185927258341,0.034737469000205745,0.08067852724535844,-0.2546071680312596,0.2044842939959783,0.2799137168813357,0.2152789513526957,0.054733167169428734,0.24538693666092948,0.2296659419043302,0.035295768662228194,0.6631638809455209,-0.23495626552663157,0.19362881360012696,0.656826939626678,0.22760585012175158,0.065341458930991,0.6016660216866472
0.3268719487397445,0.03358869826258829,-0.1608282838364411,0.28535464671338445,0.024154917188450406,-0.18438373213372017,0.3072443974640221,-0.24821773959700805,-0.13159239087029426,0.11043370698447583,0.11582758937328733,0.5314645185744247,0.17702951982272946,0.11576573300318652,0.5190441992990613,0.10948340423030237,-0.19629553495319108,0.5310812140551531
0.10677132645332306,0.3942622927887365,-0.20130189489057376,0.15574160107747861,0.5139037816147229,-0.17075556408829587,-0.11310373528320705,0.2520778761154768,-0.22946790171392586,0.28606967407277306,0.3177445895817441,0.6437058245015053,0.07764803992868925,0.3452354143536347,0.6491101525975038,0.18796510417164702,0.254728837904303,0.5750094205141736
0.16284026454806375,0.0019763015221173057,-0.3081205958436855,0.4315361620125001,-0.22264830929315627,-0.32300620542345415,0.1654300097698657,0.22287867169244485,-0.24538241617021922,0.17052776765559585,0.003814818918549484,0.5759189128034589,0.22841265273926514,0.1071941041556233,0.5403924945112104,0.19988055117637504,-0.012694950136125815,0.6071471149531902
0.26454520835440326,-0.1626676319205676,-0.1359716391379853,0.10079721486669546,0.05424935241425849,-0.18206934157409996,0.2939821281723851,0.0666845166070639,0.06920562545803759,0.004255253207878021,0.2332936310367226,0.7033227210481228,-0.11591585806641284,-0.02329691213764079,0.47681298109537273,0.33631522516589335,0.3051544712720865,0.6899394739303959
0.26082954679014236,0.022631847742207774,0.2756315688871381,0.15891599196217782,0.12189658029968066,0.24933197758154224,0.17864481088356474,-0.019813428187202824,0.28727126993305163,0.23013520048362407,0.2284615359352976,0.567902974554942,0.20244582832079755,0.19143008869908557,0.5542933581159716,0.24261179440422728,0.23839448922749162,0.587606243779637
0.28128553364378495,0.22602789785216354,0.4203223146045719,0.3334875213331199,0.16981846343585594,0.44404117732484744,0.2795872948849215,0.06728236040692091,0.3858969241103024,-0.23376476088132128,0.02354293775665163,0.694090418588836,-0.29795426774279116,0.05360670861376014,0.7043723588048825,0.20852801056141648,0.021755020438681466,0.6611479874367625
0.25281572581774203,0.03684454658263869,0.28164316038782294,0.12074559687827803,0.2840843162022687,0.26031772236767686,-0.041966131602762274,0.18990666420204677,0.31349127251411346,0.19396602044266248,-0.14137308118401487,0.6571111490837305,0.014890139885795396,0.05952420810380958,0.6203929574313839,0.1802026385746066,-0.06200044464568198,0.6514263198348076
0.13754350756776726,-0.06535265833140617,0.3034137590811176,0.23269818611142346,-0.09120655555503858,0.3003178288113493,0.29436920030966,-0.08262671661300267,0.2978307574047834,0.22797960095961387,0.38177017751939224,0.5436144708081232,-0.28929121814642555,0.4051142293915999,0.4910758091576357,0.2938922905519902,0.3401218366754184,0.6450257680987681
0.3471063289540922,-0.13445824964280625,0.1638384982515946,0.36082550065338265,0.05919860127795061,0.2176610450017986,0.07284996123287178,0.0434864434336578,0.1060597156257845,-0.015152968677289172,-0.0518815880929038,0.7016974372140887,0.022893303667649315,-0.07050726958781431,0.7242080053811675,0.11548568346150292,-0.016282738552535377,0.6750054898635385
0.3043306750455363,0.04340543816990681,0.31248032029559836,0.26317810009546044,0.2685189453426074,0.3152271497122221,0.26193912617725346,-0.17279187174940652,0.15817321125689723,0.13507595893201224,0.33825767498984827,0.5641665140545868,0.05674568106631522,0.37382277140881814,0.6715344611713664,0.1973160111276002,0.21295718596164367,0.5329607685432243
0.12266603765087507,0.10299594561753786,0.10344132974339632,0.2591871464155593,0.17288559895348615,0.26965538087930274,-0.23749134724676663,-0.16023820639999276,0.07615690294248162,0.11734328659866461,0.19424177917270652,0.6111640055281419,0.11297771943455331,0.2084462913350856,0.6191417013795585,0.11526887458003109,0.15660640408176407,0.6421515677644996
0.2722692766137872,0.00807355300425061,0.25971667442115154,0.18231995434708875,0.07264403788980242,0.17575292025796338,-0.03662888311240779,-0.06703408298600999,0.22650070826611585,0.23291611702522397,0.16148400295588722,0.6400933774584012,0.1619953473051705,0.09746973398072627,0.6423627331334546,0.24038184639859003,0.1770137069611877,0.622803523935046
-0.037415434282903094,-0.17689700885990503,0.15238799970028988,0.24531402473580344,-0.017137245637515792,0.10858384817813999,-0.11475576174624076,-0.2270134989958925,0.23057234515863007,-0.09943398698106383,-0.051534806441170075,0.7065279589467988,-0.07344644493498857,0.31082756827927993,0.6490392296301422,0.18526961702468475,-0.1238772208095725,0.702766715269531
0.037480811408894664,0.21968053209886984,0.09394107594837409,0.11710229677800062,0.13848925113114505,0.293159475916228,0.2167330288106217,-0.025888389493848498,0.22782114131418213,0.11123823473476938,0.19346629524382794,0.611598427207496,0.09420390692112017,0.28197994530528786,0.5750227331550981,0.18792206121316085,0.03961871672130511,0.619720373200335
-0.15904811861533608,0.00850460860291644,0.21296302834421585,0.41625613934707417,-0.07762623165158389,0.2151305298815538,0.12346545845157592,-0.18905676063189913,0.06227092651210723,0.23762910257702713,0.30869468651045323,0.5267975665666221,0.22826098709636217,0.3226206858245225,0.5549187932955653,0.22163768901891343,0.24347961372692772,0.46513610501323277
0.2706689178530337,0.17637574715336005,-0.3126309153856904,0.38780533360375474,0.2237705294785915,-0.32167148587910005,0.2908389655012071,0.0756948832184276,-0.27610750347924556,0.21611332955534834,0.01614106304227521,0.5822511543685952,0.25391068567393243,0.11035936583926459,0.5888414869078289,0.1758689041241458,0.19113907724333967,0.5812785594287089
0.14289072506283762,0.005468479144323942,0.26466753312080227,0.14519624617101184,0.2646950865032991,0.190012552844199,0.11289959898739318,0.018485528945997358,0.2280645572292258,0.17645415923181262,0.18617430061061616,0.6995620988736535,0.1983560575567231,-0.2490766149057454,0.7232357669242958,0.19654908930338777,0.20079284856906643,0.6796463615529613
-0.2318354935574514,-0.06788870152280721,0.09695668488129067,0.26046555939161165,-0.14200838722300105,0.0613148581798285,-0.2772986567417091,-0.13191754015790338,0.0747137900874387,0.11002377997081222,0.3521550908323573,0.6032768903026926,0.1545778456998519,0.40164233281604467,0.6269484943572283,0.2886619123747266,0.26363323638645997,0.5489069255006135
0.03746025824107202,-0.023078749439404828,0.40562699134494173,0.4082365731335572,-0.2626809203888726,0.36553590370066114,0.0414992998031356,0.2477112159356022,-0.05563835382744323,0.24969061536934456,0.2568017913879964,0.5398692170397177,-0.22918253193503282,0.35514987514473784,0.5284997183252942,0.28414104536000767,0.07713046436541098,0.5838429610064254
0.08928848065704205,0.03823512736262079,0.12524853238546402,0.24341396264573759,0.12316174276806774,0.18850456924125397,0.30048673811824517,-0.04625665766592949,0.06005267391263987,0.22281093414696168,0.24500694770625642,0.6207711065527859,0.2110830192571544,0.2425128733247386,0.5775127145983968,0.18975446383773006,0.25328007385210494,0.6161285982862308
-0.04182273860069824,-0.04062255237387208,0.05744319515207519,0.021372323387240315,0.1709653866555722,0.06630169825155671,-0.17844653797865206,0.2314311068908264,0.11080726671633556,0.24571300005354055,0.21041923893460823,0.6508109834818226,0.10138650682059253,0.10189248023731591,0.6550435840249356,0.24220329975320104,0.277214963203279,0.6101503760207012
-0.22618584717643855,0.09618824829790236,0.05159695172251517,0.2318222222383271,0.20643201068242692,0.10773880227890838,-0.24382047305262916,-0.0437692060919753,0.13117896521971872,-0.20267624180639343,0.08826962210811565,0.5582556422751617,-0.250723627732596,0.12481864839336798,0.5578087382386056,0.2305204247224119,0.05301762530847868,0.4967309520358988
-0.2650190929083226,0.009344961386753598,0.36401667504171853,0.3224553400487011,-0.011199525047130648,0.39634848664547717,-0.19816629721349155,0.23784425899060463,0.32224513459356097,0.2744296415096201,0.25428144816916703,0.613764358500281,0.2656353980386485,0.2456376360900275,0.5943753453680805,0.264705844411236,0.24626805892079612,0.5686331577995816
0.2875863974652329,-0.08537190473331602,0.03905864826480181,0.16940327893306062,0.05233236195505231,0.07254632829211308,0.3083282940925994,-0.03711370983239959,0.011015961516104178,0.11515167244263175,0.2756254838672,0.6425458766581895,0.15105073159264612,-0.026678571398638364,0.6842822393365193,0.1515125301091481,0.18443487450398038,0.6300861267971878
0.01610636511452409,-0.12330519150589647,0.03884840139130601,0.13074761069195195,-0.01999769021269511,0.04556892725681617,0.20551213179192984,-0.1407298662617716,0.058087533457838125,0.2692695816437001,0.28358747916149557,0.6451866919624896,0.10591548915883603,0.046611038006172306,0.6078656366974486,0.2675486732006699,0.2797764799595651,0.6739357523109991
0.23965215133562684,-0.16580025813238336,-0.19875963167882424,0.1415659630102005,-0.06732959004543207,0.33847620989767446,-0.07811105009076233,-0.027112677654976672,0.1280587405612657,0.033676537943053815,0.4043157615800003,0.6086250945461877,-0.07334263714126808,0.3854469568281764,0.5638630346058365,0.11476806304756604,0.3990719075102164,0.5930036266948526
0.1954975467756538,0.1782499063597096,0.19478255504506342,0.10482467627540451,0.21505733090832152,0.21860569639819807,0.0776434895517145,-0.012362419710082256,0.19370983426880756,0.19541824451530818,0.2868629039663834,0.6810283063987452,0.1910244857755711,0.3050237594870213,0.7182970875397802,0.32712931905145604,-0.22379001274821958,0.5935621124908113
0.3848127814378437,0.21389587956950884,0.24453316441683218,0.32656685734269847,0.24801344160880295,0.2972339600164996,0.29607964531232134,0.07749254811288736,0.2289967016523199,0.17803606018983217,0.2209268736048508,0.7047060558406484,0.12105119283378785,0.19261446220914552,0.6932003218377092,0.210905576426604,0.355856816311506,0.6636347883463364
0.07748170456490093,0.17032452097934248,0.07380291534117002,0.35354242372992184,0.20806698831218362,0.07531684895083095,0.2442764596913601,-0.03612341813040174,0.10053240689171568,0.21853469593068564,0.20695039712755658,0.6933978604864078,0.15104859171256965,0.16350862918302086,0.7087461517856475,0.16505247733842623,0.24935555702039053,0.6182293665394631
0.19661039766778102,0.002874022034621719,0.2479226427096702,0.2870568887054594,-0.020440489542143447,0.3314282348569954,-0.07997778533959793,-0.12532133597985368,0.13885431827960082,0.10347938478880075,0.18508133476992503,0.6290530582866423,0.2457027406254396,0.24354175418272184,0.6695404695764846,0.2035709869896724,0.21951387083209323,0.551127788007139
0.3755970566756754,0.08999971092995651,-0.04461904825615922,0.2337039530769841,-0.05608695433497507,-0.08545785753408755,0.2851934027187435,-0.03748310396663048,0.29518208247519173,0.1918623765433172,0.24616127853297892,0.5660920446767435,-0.3068397144592948,0.19372499937580906,0.6095746788859905,0.0852999931144649,0.2097881794299884,0.4700731595715099
0.16509656405959805,-0.13189441439292315,0.06778298494640426,0.18304696656849118,-0.037668686547748104,0.04914802844837989,0.1488886350475906,-0.066395375137667,0.1604233156472153,0.18735628683563166,0.2856026064913164,0.6858914250936887,0.19733974663499293,0.2905265492986745,0.7153970650357769,0.09518155017046573,0.19948702543983152,0.6354453620772109
0.45765520264505777,0.2125808411542288,-0.045161096050583716,0.10353397667302197,0.12294866240465069,-0.03698127334857973,0.3853083431038641,0.2699309814421153,0.2530201989232023,0.23189030839433694,-0.12693484534344984,0.6662780632145268,0.2383619373978827,-0.062026916564557645,0.7176432723876891,0.2552613116059699,-0.10793673686321856,0.6107452586441467
0.39436813075969873,0.06370872507021919,0.3135800536530712,0.039779737729254736,0.0840832205525989,0.2670480277789471,0.46438878160229674,0.20078630730803484,0.11951006859566757,0.19194071513303396,0.2805803858124685,0.6115087169546225,0.17096850687734377,0.2773022092529519,0.6358192344874047,0.19797225779121236,0.29536641479400455,0.630171609805775
0.2830457472903145,-0.09455717007430858,0.05350668882942886,0.10261840244705085,0.051136772790270776,0.030581933520140006,0.1986373220261203,-0.1789195598824219,0.10804937563995895,-0.23939113855518784,-0.25794967143581155,0.6643139350432241,0.24048793387371237,-0.31019154086997874,0.6557308631159245,0.20262727712884948,-0.1858593846786467,0.6161054036577684
0.36362028070935004,-0.14914866366227447,-0.006984721822908949,0.04218065793760635,-0.05925005936246864,0.3819508867817536,0.32733374386266123,0.33308181866947256,0.23034154173074448,0.15232292907277561,0.10471017273360059,0.6231374277509424,0.06705125470048483,0.07317724437632758,0.6700988668297613,0.10350116110369353,0.1301135872889898,0.608439604424468
0.3464426927485902,0.18094131202499222,0.020895820345947988,0.4658755100559021,0.18728899477171193,0.0870242796354774,0.24493766107220294,-0.07166908851068748,-0.02210911113759844,0.16061952578920152,-0.09924485962393134,0.6701041511882907,0.13247032095780287,0.10805473580230393,0.6894163201803001,0.1649028923065896,-0.045420936745769726,0.6590815303333544
0.3012353812201167,0.10782917330185268,0.37130951131123735,0.3033141059456751,0.2561403229383705,0.30435628014750293,0.24464514899441012,0.07147914351468412,0.33186808869085554,0.2511095658930222,0.17013946549931425,0.6640663326378065,-0.24820260922661838,0.17939978888620223,0.642389657734312,0.20848137669331668,0.03093091194129842,0.6443029438724825
0.32278699691013524,0.08287936160349926,0.22118322787968228,0.3173620809557966,0.24412020879798707,0.17383834418768263,0.2734572308342259,-0.11932262155074486,0.2209536273361288,0.1997225591839515,0.202256055438598,0.6155989982033485,0.1008356224094129,0.20234088246922385,0.6195231345092598,0.2678988666461538,0.20848167437530188,0.6294680935722466
0.18373878833960688,0.42439897672835025,-0.3878989579928801,0.4691857344924839,0.49827790973674846,-0.4057765178744617,0.029094122913391515,0.03824753482965916,-0.34407028257393263,0.0983839902647124,0.22536331098067916,0.6293238880999275,0.1277561766396588,0.2704376620627097,0.6489709647157256,0.11773819195918346,0.15275354142459066,0.6216595929226574
0.04650403682926163,0.06261076857601147,0.17228546774971587,0.21368393635667562,0.029146794517426203,0.2045400000005706,-0.039695478835089226,0.13324475127704255,0.1896984884267785,0.16028706694497744,0.3596252167441979,0.7023250299336072,0.1270713530670514,0.4066130779481139,0.71099332637738,0.17916178887281134,0.27787961658898447,0.658174921220859
0.3737562554552417,-0.046979214850764756,0.33551457126917744,0.1142037202589325,0.24768798088763921,0.13195322795541808,0.23004320668919898,-0.13657468996640318,0.23074715414137217,0.1303631210281021,-0.2734444396472556,0.615029551324423,0.15222284384060195,-0.2931861021059292,0.5743520694757098,0.1041297036445437,-0.2459349774518368,0.6340996626442827
0.37170330343372376,-0.05583410960581995,0.16983510909915983,0.3192825315841604,0.11395785750976635,0.24082491303356168,0.2668055906351444,0.2225765458740853,0.09265222426314898,0.10805700383281087,0.047918833078282125,0.5769115138126821,0.06764994876347949,0.031096439628777603,0.594255716277178,0.13046989157694822,0.2856718143070393,0.514150123393869
0.24297346735794187,0.17169543869450088,0.19101662316859108,0.318255023515858,0.38573957166771156,0.19912060943485235,0.144478055125632,0.005402131615829343,0.174376610586296,-0.2903857573846305,0.25161376733931884,0.5715243324074415,-0.1174536618950795,-0.024956401508394427,0.5210996124047043,-0.25327199635229103,0.2834906384595644,0.5579034445448194
0.20671047488771635,0.10743989090737631,0.302917393862292,0.03590183062213037,0.13403732348320546,0.35422150676303993,-0.04446177327861697,0.2081883128304214,0.24142573768202036,0.20610074963662073,0.3004386723055671,0.6814690813971027,-0.2099113194641058,0.17986542439732717,0.6971844949723249,0.22122400366214884,0.37198105627163613,0.6061805654784311
0.33373952661873485,0.21146472568220587,0.357272080653274,0.038300030971937744,0.22933272142915573,0.35213917229613445,0.3645385450472489,0.04692708012688396,0.3493511579157458,-0.25252061460206743,0.12011347598072603,0.6623396034899753,-0.3246763433704052,0.29416112645905385,0.6819648208378024,0.2808167313551075,0.19153928297517786,0.5706607301612964
0.3768276277772347,0.04416403259779669,0.2631922898969107,0.0610702065745479,0.04534432205638497,0.2591598469817405,0.16429663896939978,0.27776056367151514,-0.020077135484117655,0.2438004995065358,0.3133331148598182,0.60883519238881,0.15242133916378547,0.2627727998606426,0.650315803503911,0.2159825616635618,0.2313058494941348,0.515495454307404
0.08097205058696637,0.13539291831602362,0.3398945122956704,0.04128579857354976,-0.26466953862196396,0.40935602042031377,0.06581185137420824,0.016749277809593885,0.2415427063018159,0.10217795696137921,0.12763798761004674,0.5801064439459309,0.2066114376120059,0.19781107134608425,0.5656173503289564,0.04151635354009598,0.23179372948495083,0.6322095852802077
0.35415962657474653,-0.039672745976848514,0.27703380197277083,0.004962360261791164,-0.13122004883790142,0.27757926066429117,0.19883171999076157,-0.10441255432467672,0.27509247117301205,0.2033539760156095,-0.07398846152251062,0.6488546182158648,0.08744212982803914,0.2182292435314918,0.6240871654276348,0.18858205204171757,-0.0997455458849899,0.680672570966694
-0.015873556763651552,-0.002489686207632444,0.41938527361608946,0.4839226671004584,-0.1176920277896415,0.43259149591380197,0.08609165697573135,0.23025473175902123,0.08913018937798908,0.27358138437146406,0.2697026294882494,0.6547020784342665,0.0732409505517071,0.2834995758435224,0.6321081852651018,0.19189555239262188,0.2440864258434337,0.6087864408547117
0.35846950661957583,-0.02011594500867278,0.04465640012890064,0.37706439431722977,0.012029889962190256,0.048098767029381484,0.121723396986365,0.2062336587654941,0.05435571855619663,0.11121493856670123,0.1673003240849727,0.5060998622702328,0.17219339641967105,0.18639695162358522,0.5053629929912977,0.047518732585318246,0.13095650585144086,0.5759659056637656
0.35498902050634173,0.08715530840875245,-0.013308925036359326,0.08007094700031274,0.18963469322885676,-0.036727845174495885,0.3378650675441262,-0.08152627476394678,-0.03132997526084674,0.11272817327808132,0.24076010160464162,0.6610220382876709,0.04902824719391439,0.26110814306060043,0.6567868520439486,0.14784479053713734,0.1070620775197684,0.6603960401275337
0.04416145775055262,-0.14982963105099262,0.18464387472629173,0.10951855215257816,-0.019919956708596198,0.1841804604470338,-0.15876643902415938,-0.3429118459945122,0.17325235165111696,0.25604707650636216,-0.2403240550399403,0.6904431492833738,0.14266511550676758,0.2895266540533268,0.6792088983393447,0.27454242172358856,-0.18116269486167103,0.6877730303108116
0.3866798952399151,0.225214789105389,0.09918819035717691,0.3757538492277589,0.2712468647695287,0.016291946910086463,0.3364670933371825,-0.19095371934834993,0.09164680410559743,0.2581715735611626,-0.07345727970625467,0.5789848660706447,0.22875072505899216,0.2738829241078332,0.6337127947177685,0.19880877125081986,0.035566522223666755,0.4840868275930836
0.2710674887862518,0.11234415870138822,0.2859553136453291,0.3724440654792709,0.15583775879410824,0.29431648488552964,0.06117883596935882,0.04918481092019134,0.2738725035543744,0.2251893463611788,0.1619673199014174,0.6194173004826783,0.25074645873272516,0.1736745953733927,0.6002947330242182,0.18663821926356003,0.11890682123303667,0.644802265987153
-0.02509512765719421,0.1294468437341944,0.0676967304365233,-0.08762004864623277,0.3486327864525328,0.05839326439407544,0.06872038422619177,0.19962216795129847,0.10639566126610149,0.29865682934107607,0.257644648085084,0.588586370383724,0.1659866767626849,0.32459674817530926,0.6003121957893546,0.29654753876938467,0.008398569704957832,0.6205322063932512
0.3640697660447769,0.12038927938099483,0.22392579047776268,0.31614461559210166,-0.0527741203575557,0.26056145267159114,0.3788743973571441,-0.11947608336773123,0.17718245010794337,0.2166536553448119,0.2756433857571535,0.6637030111427142,0.1939324615294855,-0.12017549925128429,0.647076333749015,0.2232665688680761,0.1775583144268615,0.6685439170156808
-0.014942442700452828,-0.008262088302644962,-0.1933541930744419,0.12654495676631436,0.0510275963331701,0.006883776211587534,-0.11385371422095203,-0.10052665250311452,0.10710094759874747,0.20337170730052642,0.2329817858076963,0.6333539428743231,0.21804997572164067,0.13152815856508668,0.7122798891310076,0.16788829945741313,0.2003848487832684,0.5928154415289693
0.06233272293326424,-0.2634703913494583,0.04594210561267775,0.09333188324074254,-0.18258073836076688,-0.039912897919502935,-0.06558714883620945,-0.2330982270812042,0.09078448141846521,0.1966101144592735,-0.26274999926747167,0.6226501230063984,0.1554146309713258,-0.1977613724163031,0.5069853665961666,0.20007059471374955,-0.3277443809342217,0.6810721279484504
0.22922063141511648,0.1293349886307991,0.2967815521375994,-0.021964422354002713,-0.03129208051031814,0.29623633227058355,-0.040623532916396886,-0.3284075450686762,0.2766138585507806,0.19663585406837847,0.40639795275492696,0.5943968484011944,0.06996370215982743,0.36622845023377615,0.6129961746088977,0.20016135894354814,0.37821673291984803,0.6033392691535129
0.016567164840871756,0.046811909836276214,0.10884488345700698,0.42937887930329366,-0.009324686171012501,0.13100458595962425,0.08393130118723996,-0.08395695128264585,0.09247619783409328,0.3009023162920981,0.13760924940851701,0.6058066027222442,0.143565726059127,0.13547459109915605,0.5597547962253752,0.3419098964214864,0.12562488387212303,0.6272277199693436
0.11602255001661377,0.15493553242312852,0.15343762215700735,0.4569330223063731,0.14581833143180142,0.25984569880239755,0.08128895710272811,-0.057985313916155995,0.15493101168398327,0.14135988584116072,0.164742917268358,0.5806161018834336,0.14721377896997087,0.23951300010707285,0.5739615165809888,0.0928142126884044,0.1631093557657584,0.6009000710211934
0.19253804346677028,-0.029320902690578667,0.2905626097247655,0.2356842691610918,0.06645609832449116,0.32442047491826975,-0.08692525775880022,-0.12702808319813952,0.2316915768921068,0.23880358118391593,0.14514999981798127,0.6238547501538885,-0.2179845966947711,0.17080603426320523,0.6649868013903465,0.26044828998465075,0.21011772148699628,0.5941841292813368
0.1693761719103905,0.026487110064069785,0.21676296269906986,0.3909243948546204,0.29407793512622593,0.24276054588631307,-0.1600904995241239,-0.002979675276094893,-0.1679168420666755,0.12452264075401294,0.12243199829836944,0.6366196503204191,0.03479659066936433,0.13733897175459914,0.6369166917941648,0.16965175343873867,0.08662392012942162,0.5939233799744906
0.26403072029288566,-0.10304855837101727,0.25305947852449495,0.10834238210027702,0.16568527573456382,0.2857328852885343,0.06366737119980884,0.07574897799890193,0.2111357039854831,0.1446028545809227,0.2665858241066102,0.6886464172148515,-0.29279920531243486,0.23987273056665065,0.7050689693488279,0.16635129171575236,0.2425014686327514,0.6571106008122112
0.22651766324026734,0.25038551650917124,-0.14330116891944095,0.32704650360927817,0.33114786722158207,-0.12383185288255244,0.028495800365547965,0.21126118801124097,0.3156033244469394,0.051286279619244396,0.10041138987345702,0.6193722758620686,0.1353088475939171,0.029432252975208763,0.6329431747326588,0.19191223188332163,0.07020069404337956,0.566700380759676
0.0011510809753259507,-0.12041942213797502,0.2478980947558554,0.11220285777989408,0.0014388190633607828,0.2731019287082534,-0.17517265121014844,-0.18183544677679322,0.1587291882900531,0.17212035544655496,0.14802850553680158,0.612862858135999,0.1770126798208786,0.25084827641085805,0.664149203300868,0.2268495890779721,0.08054486475963935,0.6106112830953526
0.35210140501330756,-0.07378898494368367,0.17249231182635505,0.17475020523637702,-0.23671593366263735,0.39410682973336786,0.36685354387770963,0.1575333217128335,0.16396082114497723,-0.27305709088608804,0.0756579177424707,0.5923955601718278,0.21225984679594828,0.09115837834429018,0.6153488411062039,-0.23381430407146211,0.07082850819257619,0.6279445163039785
0.10007956749637764,0.2223277718991004,0.3400062054379239,0.09136374360558863,0.23193074719078155,0.22406914758376933,0.005785985492182594,-0.05142408824808216,0.306210544744557,0.19042334658587048,0.2978514418985327,0.5458489413323658,0.24403608854335967,0.33050185462714265,0.5290531499082571,0.1849599904133865,0.16254060472012127,0.5717498259333478
